source,target,distance_km
1001,81002,4.020160817678815
1001,31025,4.425206209884462
1001,42008,4.735111614312803
1001,41011,5.550340980516422
1001,67001,6.614527647534629
2001,39144,0.8577144046825843
2001,37031,1.2193264534159831
2001,40011,4.047650306041766
2001,80002,4.2606122799428725
2001,8011,5.20954518168333
2002,15013,2.9589460961632943
2002,39019,3.2307232936294623
2002,13005,5.216369618805784
2002,36009,6.28875090936189
2002,23001,6.954682163837539
3003,54048,1.1492919559450507
3003,28044,2.3656085897713512
3003,58008,4.637375335251613
3003,41005,5.697470666883683
3003,48011,5.715030358624528
4001,69023,0.6129747139972415
4001,21016,2.3366471706271787
4001,41004,3.6237799326118023
4001,43014,3.8131977394307786
4001,81003,4.046558661381297
4003,39036,1.2032825935747595
4003,47018,2.8816628879867263
4003,55021,3.190873234711777
4003,24005,4.195579101864246
4003,23007,4.644572100850626
4005,54032,1.3879113804562597
4005,57008,2.6979970348389934
4005,21022,3.884871812557012
4005,22007,4.575629792717064
4005,55025,5.787927435619766
4006,41016,1.7004969861778645
4006,64006,2.0949770881802023
4006,71008,3.5216325759511027
4006,33007,3.8115095434748683
4006,30004,4.642237930136714
5003,85001,2.3045695910516564
5003,67033,6.250906654238247
5003,81004,6.890178081878581
5003,41019,7.678485332407687
5003,18002,7.706905539838931
6007,41022,2.728036839927203
6007,71014,2.7917392428376973
6007,33039,2.8682736968427545
6007,36009,3.554081175212519
6007,31025,5.219497676980037
6008,13001,2.8317203251733742
6008,54025,3.2067641010838326
6008,84012,4.494159876995922
6008,43007,4.768295397728626
6008,35008,5.054922056768037
7001,27038,3.6178973175036355
7001,72014,5.5133655783015145
7001,28115,7.3422390317940485
7001,40020,7.8398873716399775
7001,47004,8.69139551510573
7002,40011,2.148797803424045
7002,45005,2.4355149352857604
7002,39065,3.412319006189193
7002,28067,4.108811263613845
7002,39099,4.874440275559851
7003,28040,1.3250207545544332
7003,39005,1.5697595357251377
7003,46014,3.5129880443861463
7003,97002,4.979083048112373
7003,44002,5.08114327686201
7005,46014,1.513085589119135
7005,31002,2.298839924831653
7005,39101,3.7630054477770822
7005,36009,7.604709133162162
7005,40003,7.761459463271067
7006,76007,1.4584820876514049
7006,43018,1.6180630395630449
7006,84013,2.4593698379869586
7006,92001,2.514177798008725
7006,28050,2.754292649665246
8004,28050,3.130409557869385
8004,76005,4.8106851902821495
8004,24004,4.8674930919314106
8004,28115,5.696769084314371
8004,48004,6.163706758112362
8005,40020,4.283281452344686
8005,11004,5.122105816946776
8005,43006,5.875484745959263
8005,55013,7.11394018810954
8005,76008,7.4450803219307184
8006,39052,4.940875327307905
8006,55029,5.337743062381328
8006,41013,6.888193159312535
8006,67005,7.639873559163136
8006,27034,8.18606798163807
8009,41016,1.31906027155699
8009,21003,1.9062827702101282
8009,40013,4.32757079664793
8009,33013,4.640624957912458
8009,27049,4.924576428486007
8011,54020,3.061371098053942
8011,54027,5.054707212094485
8011,2001,5.20954518168333
8011,26006,5.680986974109341
8011,28066,5.73645962245007
8013,55016,2.423398646529291
8013,79003,3.838722313478796
8013,27090,4.123172686172627
8013,17018,4.202776820151173
8013,69015,5.375088929496887
9002,54020,0.2697721260619784
9002,96004,3.5649880785214414
9002,27043,3.997584395606927
9002,63004,4.977553214180638
9002,17001,5.095789732710721
9003,34004,0.9283027523389124
9003,39087,2.2366568802567817
9003,17018,4.371167349804855
9003,54080,4.501902375662982
9003,14002,4.964060535489066
9004,67018,1.025654912726498
9004,42004,2.9917722172652117
9004,13008,3.014632481746324
9004,28091,3.930814292230046
9004,67005,3.9850562103940264
9005,69023,1.9426046947333366
9005,66004,2.933709256214733
9005,55025,3.245833791185248
9005,28067,4.291274169754247
9005,40007,5.3942562972109505
10002,71006,1.8728929494234314
10002,48003,2.085892614685617
10002,57009,3.7109850444322734
10002,17004,3.8102850287084826
10002,61001,5.409336465778404
10003,61001,1.7991164498164092
10003,28046,1.9175244457372638
10003,71008,3.5240977568733816
10003,35008,3.6310056458232065
10003,55021,4.4942082728774375
11001,58002,2.60375306048788
11001,64002,3.146617231250093
11001,54024,5.09706268354628
11001,96001,6.172397913291073
11001,17003,6.182040844252002
11003,76011,1.4996672964361129
11003,79003,1.7872526402274524
11003,84017,1.9746789612491442
11003,40011,4.727195574545229
11003,67033,4.74970672778857
11004,28012,1.6078149769174312
11004,39007,4.169495053360778
11004,8005,5.122105816946776
11004,34005,5.6837763854676755
11004,27026,6.337926553692461
12001,33028,0.9991821655734253
12001,39088,1.2923296793001389
12001,23001,3.527323773060817
12001,28052,4.610371460088655
12001,42026,5.830358565302824
12002,21018,2.809612072867
12002,54008,3.0006867547279907
12002,76011,5.767484200238437
12002,42010,7.201822616532568
12002,56013,7.2211467233397215
12005,55016,3.2240584672117842
12005,53022,4.370796266128175
12005,27038,4.758623855696098
12005,40006,5.219025579550268
12005,15012,5.617962086023721
12006,27071,1.7218922730531083
12006,53009,4.186391405494714
12006,72005,4.339114771471251
12006,45004,5.047303438470884
12006,16001,5.200474593726999
12007,33035,1.911727229496928
12007,27084,2.3064023933390287
12007,65008,2.5014301909107917
12007,57009,2.670189880888623
12007,69017,3.1045167095701065
12008,27032,1.9114447415502234
12008,75004,2.428869078398422
12008,42006,3.566163204341607
12008,83004,3.810222171999948
12008,39108,3.916205433835156
12009,69027,3.61154205291867
12009,38018,3.8307165126122293
12009,47001,4.004874155326232
12009,85001,4.592899737638521
12009,12008,5.500711317638838
13001,37010,2.7897213122460816
13001,6008,2.8317203251733742
13001,80002,4.142203399158472
13001,84012,4.351370473770304
13001,38021,4.949168111915376
13004,27026,3.8976120894722195
13004,41029,4.880443627376511
13004,70002,5.325050422296488
13004,96001,5.5304178865615565
13004,28080,5.6196580856845735
13005,26005,1.235165575945185
13005,33054,1.6816768417267332
13005,35008,1.9941175993406206
13005,27079,2.7701265314061017
13005,28012,3.3573014461022113
13007,82003,3.3301935379193806
13007,69043,3.878639065445508
13007,35003,4.013617943950321
13007,39120,4.4408603896092025
13007,64001,4.484271178240674
13008,21003,0.9392944160379109
13008,54004,1.717291472057088
13008,9004,3.014632481746324
13008,34002,3.8589252389752255
13008,73009,4.114279159220969
14001,43007,3.843392902111362
14001,47011,4.762679602912629
14001,84014,5.38296693283546
14001,40011,7.544070055348107
14001,39036,7.610708377017214
14002,28115,2.322144267697423
14002,28060,3.367442501365094
14002,54048,3.7406192000790455
14002,25020,4.0675856475309775
14002,9003,4.964060535489066
14005,39028,2.6721556840872878
14005,19001,2.71823766437006
14005,54016,3.3164862429987556
14005,27003,3.95226428772166
14005,39015,4.933488015593025
15006,67015,4.312853463775462
15006,28008,4.553996925778497
15006,54057,5.485924990373092
15006,39120,5.783166087879545
15006,29005,6.07044421768292
15007,42016,2.3440136518373778
15007,17003,4.692847323320885
15007,17018,5.030617158957735
15007,15011,6.055960122061571
15007,27023,6.152950674270029
15010,39099,0.5965249366120414
15010,21015,2.9499920338875496
15010,34003,2.956162715413345
15010,39143,4.458760926535533
15010,21022,4.560189908326187
15011,47005,1.6193137435345875
15011,44001,2.946450406845498
15011,33034,4.147412808004527
15011,37018,4.912665467951181
15011,52011,5.42868989720356
15012,40017,1.9402208637162934
15012,40033,3.406822566556703
15012,42024,5.200835413661925
15012,12005,5.617962086023721
15012,20007,6.782733151171437
15013,39027,1.8604784330918753
15013,33033,2.6826196152268778
15013,2002,2.9589460961632943
15013,106001,3.917738633446596
15013,28003,4.098102243722086
15014,53007,1.9599043344000238
15014,17003,5.588900160138844
15014,95001,6.577490250847963
15014,48011,6.742618556614337
15014,25021,7.593345310204192
15016,28060,0.9776712126272308
15016,28091,2.9589866508654614
15016,41016,3.19231577385446
15016,45005,3.9621696076770867
15016,84004,4.862156106091207
15021,96004,0.692275234281857
15021,54029,1.914092996695824
15021,95001,2.526641446663931
15021,40010,3.0773173382022203
15021,18003,3.4544768055379964
15023,39020,1.8008089848731874
15023,21006,2.022673972740046
15023,40018,2.45213070614109
15023,33035,5.053289225840928
15023,68003,5.46538800086508
15024,53006,1.5566072080007853
15024,55026,4.2763278639505655
15024,26005,4.781218673099986
15024,52004,4.9797735892307395
15024,52005,5.199251676924286
15025,30015,2.863507115409354
15025,38021,5.563354833191929
15025,30011,6.221349371318091
15025,41020,7.358077602200184
15025,38012,7.633708469675797
15030,33053,0.5818461996094844
15030,21006,1.4952538246063778
15030,54063,1.8660142014464949
15030,36012,2.933136546429436
15030,54012,2.958833553953314
15039,39035,1.4906834003234892
15039,38004,2.7381776786760934
15039,45004,3.1403709971912552
15039,58001,3.2952917928462724
15039,69023,3.4407361131013814
16001,33031,2.28255142329806
16001,40009,3.330671103546551
16001,53017,3.768270956287512
16001,40006,4.81754180054517
16001,30015,4.881295934482973
16003,48011,3.325490039076948
16003,84030,3.75308220000575
16003,58001,4.201840668088213
16003,40005,4.449651671760386
16003,56012,4.459462860031463
16004,39015,3.2184190218180104
16004,16001,5.283877080326529
16004,40018,5.365727723245002
16004,27041,5.89758204690702
16004,54001,6.042537298188568
17001,34005,3.679558669188467
17001,57004,4.28959508578607
17001,9002,5.095789732710721
17001,52007,5.4334616958252315
17001,18014,5.763932685241909
17003,60012,1.430850096970329
17003,69023,3.32696528385855
17003,25003,3.8247704506283773
17003,65008,4.497357557499737
17003,15007,4.692847323320885
17004,41016,0.8213014063058701
17004,65006,2.3190767559526786
17004,25012,3.5376649078170193
17004,10002,3.8102850287084826
17004,33053,3.9707394777295577
17005,89003,2.2836928427439624
17005,66006,2.668039167628541
17005,67033,5.3562165751582524
17005,72007,6.019116629539587
17005,53017,6.105291147848725
17015,33032,3.4830275623371114
17015,41005,4.160109734129618
17015,68005,4.701567929956984
17015,61002,4.775203974700975
17015,45003,6.813833062234501
17018,47008,2.479222862108205
17018,40005,2.5191008316460857
17018,8013,4.202776820151173
17018,9003,4.371167349804855
17018,34003,4.408569155633152
18001,31025,1.5336779322921745
18001,46003,4.959820964510715
18001,40022,5.284996310310917
18001,15010,5.524920451916028
18001,37009,6.028901226591791
18002,27065,3.74596663092452
18002,84009,3.977017224000922
18002,79006,4.013397812328103
18002,41029,5.363174153428173
18002,44011,6.728120094053019
18003,22007,1.1643478861577412
18003,15021,3.4544768055379964
18003,84018,3.6062852078004033
18003,60010,4.058542718760023
18003,39016,5.035162062933029
18008,101002,1.9342373173941196
18008,57007,3.94120210088242
18008,41011,5.031430909790971
18008,33039,5.768977725732697
18008,25029,5.817728078898154
18010,84009,5.0976795701573865
18010,67001,5.830645247311827
18010,76005,6.620477701797658
18010,25001,7.140873896099833
18010,18011,7.349389430422095
18011,33024,0.8118774538069153
18011,48004,0.9097785444821174
18011,39069,1.8585943613386973
18011,67008,2.058469820036233
18011,31023,2.5695612465944455
18014,33022,3.3056976570763394
18014,71006,4.935235961937382
18014,17001,5.763932685241909
18014,73010,6.9968268522237995
18014,54007,7.370960385187265
18017,37018,3.1465175988702176
18017,33020,3.748137270698607
18017,18018,5.193531072401512
18017,80006,5.57160273171015
18017,84013,5.6298420937003195
18018,69027,2.144999067598865
18018,28072,2.3250808588090006
18018,84005,3.6642004584902286
18018,33034,4.28193706165796
18018,18017,5.193531072401512
19001,14005,2.71823766437006
19001,36011,2.742864378710694
19001,37031,3.2629118897083322
19001,68001,4.429508437738887
19001,56002,4.796519571522668
19006,37020,0.7608429535718918
19006,65004,1.374133909049624
19006,19017,4.412233108075773
19006,21023,4.734138570004051
19006,43008,5.578798168064516
19010,41023,1.1500473903278943
19010,93001,2.0322558893997575
19010,27084,4.083381074550844
19010,22009,4.119557379136745
19010,76005,4.463522935977813
19017,55014,0.8893486380492186
19017,27065,1.6680455629268645
19017,77004,4.0302441613381195
19017,53022,4.266860438308242
19017,19006,4.412233108075773
19020,40010,0.8996088038697709
19020,57006,2.7383531547263953
19020,34012,3.427011088397585
19020,50007,3.566468281087048
19020,45005,3.8629900336397456
20002,27030,3.5224424764643074
20002,15039,3.5920144765855273
20002,42027,3.705429124946259
20002,51001,4.704964399440234
20002,73015,5.593693323735223
20003,23004,1.442110259307519
20003,101002,3.2309664188907936
20003,79004,4.27337852290199
20003,81007,5.901981531655279
20003,53022,6.153133916956464
20007,39010,4.530444790525539
20007,28015,5.383868683391154
20007,39019,5.437395332325948
20007,38018,5.588890766511723
20007,55029,5.623571996516094
21003,13008,0.9392944160379109
21003,8009,1.9062827702101282
21003,45012,4.486867169863624
21003,9004,4.918484014409318
21003,28026,5.395691799945583
21006,15030,1.4952538246063778
21006,15023,2.022673972740046
21006,39065,7.236999447284766
21006,75017,7.245681886475558
21006,21011,7.792239472706162
21008,54007,2.5482927618309477
21008,39014,3.7334190763963266
21008,41006,4.828863220262094
21008,24001,5.350006822425557
21008,54016,5.821404383823546
21009,69043,2.869210518592179
21009,27049,3.908610111024122
21009,28031,5.66581415155845
21009,44002,6.037308092188107
21009,37008,6.152706233845396
21011,33032,1.5054929425274635
21011,39078,1.8605359442913216
21011,44009,2.1119055376602427
21011,40012,2.235863367918532
21011,67015,2.268357335165692
21012,27026,2.582729176665645
21012,39072,2.8119916429463303
21012,50007,3.061733659219887
21012,69043,3.1571357272059117
21012,28074,3.301460434413837
21013,42016,0.2171289939183618
21013,27071,2.1471238902308363
21013,84019,2.859974999890733
21013,44002,3.2258257857485115
21013,44001,3.471935771295316
21015,15010,2.9499920338875496
21015,43005,3.4479154572001907
21015,40020,3.5864648332306284
21015,39017,3.774502483771868
21015,39141,4.063787519051655
21016,54007,1.9180649102676375
21016,4001,2.3366471706271787
21016,76014,2.6152615547971485
21016,33028,3.2336759268671313
21016,97002,4.553673242559242
21017,37008,1.685757989748232
21017,55008,2.1451657278634677
21017,45003,2.624189779722496
21017,23008,2.7328448547255664
21017,80002,4.693553131690319
21018,12002,2.809612072867
21018,82001,3.9281620384093117
21018,53023,4.625815063315869
21018,12008,6.196390078101927
21018,76008,6.720001934523531
21022,24004,2.714226593341094
21022,74006,2.9509293451385785
21022,30005,3.2653411766613303
21022,4005,3.884871812557012
21022,15010,4.560189908326187
21023,32008,3.450441276126867
21023,46008,3.7405803025733855
21023,19006,4.734138570004051
21023,39010,5.451098237970034
21023,49004,5.730589149467967
21024,47014,4.66986530855013
21024,28024,5.824235314614271
21024,53008,6.031088210265208
21024,54034,6.254786647040809
21024,27065,6.295046465277282
21026,40016,4.500872470977155
21026,36010,5.8127752407950535
21026,40006,6.152010159289401
21026,22009,6.41285310918627
21026,38012,6.487563641306342
21027,55021,1.0684105016331502
21027,52015,1.9900605518425813
21027,69030,2.7124638246435655
21027,54095,4.11989053252632
21027,54011,4.946742362403766
22001,37018,1.3236797195696548
22001,53028,2.653833830517653
22001,39016,3.1113938998461768
22001,55025,3.4009958835611664
22001,24003,4.308753067884025
22006,72014,4.570737467849144
22006,33024,4.596463423111295
22006,54019,5.11645355690834
22006,4003,5.336450130939106
22006,28055,6.858856537353731
22007,18003,1.1643478861577412
22007,4005,4.575629792717064
22007,30012,4.898680638702629
22007,28009,5.285818479668026
22007,12007,6.506522419849178
22009,52006,0.2220315292925759
22009,19010,4.119557379136745
22009,48003,5.103205659191093
22009,56012,5.266953673614379
22009,27064,6.115781307404639
23001,74007,2.8981706298974186
23001,12001,3.527323773060817
23001,52016,4.825534685400158
23001,47001,5.286044740635478
23001,54022,5.444786864515451
23004,28117,0.5158071344989327
23004,20003,1.442110259307519
23004,96002,2.983981903430381
23004,66006,3.109156316430552
23004,93001,3.3222104087489703
23007,28008,2.3039848089776984
23007,38014,2.8660027913454655
23007,48011,3.8704993217929906
23007,4003,4.644572100850626
23007,21016,5.929790299833545
23008,28046,1.563464102562
23008,21017,2.7328448547255664
23008,84009,3.736749523315685
23008,81007,4.800071041140954
23008,52016,4.857970769776204
23011,76007,0.7240883923941883
23011,80001,1.5718759493038883
23011,28093,2.0262707124172725
23011,75004,5.881051946718376
23011,65006,6.242205459611211
23016,69015,1.6658835493515145
23016,39025,5.012163804186771
23016,52016,6.062596308513374
23016,28003,6.291270539406169
23016,17018,6.804145795028204
24001,48003,0.4835555810866006
24001,39011,0.6233907281954072
24001,72014,1.6693483758640675
24001,39125,2.2489217416353107
24001,41016,2.7047354768997285
24003,69030,2.103867866573374
24003,66011,3.9067963857872092
24003,36010,4.117499362477182
24003,22001,4.308753067884025
24003,81004,4.6187622800919295
24004,53005,2.034693342988078
24004,21022,2.714226593341094
24004,26009,3.964034939301116
24004,24001,4.444192727594068
24004,8004,4.8674930919314106
24005,74006,1.9215020166525978
24005,27003,3.3658343690680916
24005,44001,3.36600326797227
24005,4003,4.195579101864246
24005,42001,4.469450525512056
25001,27065,1.978645243594718
25001,31010,3.90146767255606
25001,28046,4.134861787291082
25001,15013,4.800695053843766
25001,27001,5.025376105327839
25003,17003,3.8247704506283773
25003,39021,4.330887437927705
25003,55021,5.138410843830999
25003,36006,6.376381418955425
25003,77004,7.010539850824613
25006,80004,0.4441272340219636
25006,39081,1.604613660667265
25006,76008,2.6036146028166303
25006,40022,3.656373203052446
25006,54029,5.862152505692769
25012,61001,1.1619380362136356
25012,39125,3.327799573291637
25012,17004,3.5376649078170193
25012,54017,4.401103725203486
25012,77003,5.659708561401373
25020,28024,3.1073979468359054
25020,39054,3.2561217729071497
25020,39020,3.456419679379227
25020,72002,3.971370166579791
25020,14002,4.0675856475309775
25021,30012,0.8011554156341951
25021,34008,3.2611833741756997
25021,25020,4.594860716060935
25021,27080,4.905888910279155
25021,81004,5.125613426703189
25029,56007,3.649390360046456
25029,29005,3.9199179838358864
25029,34003,4.266021331404708
25029,41028,4.428855947081593
25029,23004,4.753027245871834
26003,13005,3.6899249314857343
26003,75004,3.8231264692656977
26003,39143,4.129506023727293
26003,42008,4.602273025364749
26003,12008,5.0016286347548835
26005,13005,1.235165575945185
26005,50011,4.659381182088454
26005,15024,4.781218673099986
26005,21022,4.825499041550003
26005,30005,5.600050892625887
26006,79005,1.6547869953562
26006,63001,4.712653711020999
26006,8011,5.680986974109341
26006,33032,6.8358657096230315
26006,26009,7.199817358794597
26008,68005,2.14751693823355
26008,28093,2.4886695240630083
26008,81006,4.861895926487938
26008,72005,5.385984496821356
26008,27049,5.918859687473593
26009,45012,1.318871108183055
26009,42011,2.586440024435131
26009,54095,3.2808791504717147
26009,24004,3.964034939301116
26009,78003,4.676748443095908
27001,27062,1.3534585327966278
27001,39049,2.4263243806218493
27001,37005,2.561009957028672
27001,28072,3.017575848259659
27001,25001,5.025376105327839
27002,57006,1.7334073381637682
27002,27089,2.5751312587905106
27002,39017,4.544028609064868
27002,57004,5.616169246025265
27002,79002,6.228497892750707
27003,27077,2.460117070385066
27003,24005,3.3658343690680916
27003,54005,3.8590602482988006
27003,14005,3.95226428772166
27003,74006,3.9550804037339113
27006,43009,2.1134457646223144
27006,54002,2.2136289210253826
27006,66004,4.381427278867013
27006,14005,4.940700456413038
27006,68004,6.5408981799138255
27007,81004,4.385461093203313
27007,19020,5.270185765226876
27007,60002,5.850567921150903
27007,28033,6.643372787974494
27007,56002,8.317147648082244
27009,61002,1.4999696663599569
27009,69007,3.7568721032262995
27009,39078,3.91833663689071
27009,33054,3.976755712889591
27009,40021,4.496937291090459
27021,38001,5.082564903668225
27021,28009,5.196953145834587
27021,16003,5.32821630566928
27021,40013,6.243716361270746
27021,9005,6.980196558837007
27023,30014,2.624551771255427
27023,44006,4.247581076330386
27023,29002,4.862669739967953
27023,33058,4.898324815689543
27023,7002,5.181709852934647
27025,39012,3.4083387449019793
27025,56013,4.18434917281051
27025,27026,4.74354150398202
27025,21023,6.719117203918978
27025,43009,6.772537043088063
27026,38018,1.7777390134662623
27026,39001,1.795839914914467
27026,30001,2.1685479012463618
27026,21012,2.582729176665645
27026,28056,3.3522631161649588
27029,54038,2.7449422580447846
27029,55021,3.046107352015027
27029,39027,3.554314139183536
27029,28026,3.9292193881227857
27029,28074,5.25915668144618
27030,36009,2.6506561451836785
27030,40003,3.5164939926011534
27030,20002,3.5224424764643074
27030,60006,4.203374120870042
27030,83013,4.7362949654767075
27032,12008,1.9114447415502234
27032,27043,4.124546035626223
27032,27087,4.205012247306778
27032,49002,7.525694253688493
27032,24001,7.704557222838961
27034,48004,3.652593872852551
27034,77003,4.130278562034285
27034,57004,5.472959437087032
27034,21012,5.9186569422462725
27034,84017,5.961155676544608
27035,41028,1.7598914739267304
27035,67015,2.155210430561248
27035,79005,4.904132339160516
27035,12007,5.496510165550501
27035,33021,6.279544012107886
27038,40012,1.0269805256186701
27038,27041,3.352037738451046
27038,7001,3.6178973175036355
27038,28001,4.199195399121122
27038,65006,4.269199690808571
27041,27038,3.352037738451046
27041,66001,3.948601777844912
27041,16004,5.89758204690702
27041,21015,7.751203519454253
27041,50002,9.513319977799549
27042,52004,6.264231557022777
27042,33033,6.67074448618743
27042,45001,6.905841295598965
27042,84009,7.300749687532096
27042,9003,7.828798439096513
27043,40011,2.6311489885599406
27043,9002,3.997584395606927
27043,27032,4.124546035626223
27043,46003,5.203797555631849
27043,85001,6.941325665894087
27049,39078,0.5991544041397009
27049,28082,1.669415766069076
27049,30001,3.0041318213420665
27049,21009,3.908610111024122
27049,27065,4.8667846675192035
27051,39142,3.0266590491827783
27051,52009,4.725185710636144
27051,7002,5.085029498439512
27051,58009,5.448062499641501
27051,55023,5.642669580969632
27062,27001,1.3534585327966278
27062,96002,4.768907736578681
27062,41022,5.079739363392575
27062,58006,5.3755403449327765
27062,58009,5.7852153806059805
27064,40021,1.0685583746337866
27064,36009,4.673775026678113
27064,28009,5.3208709813337896
27064,22009,6.115781307404639
27064,39005,6.485030763226956
27065,53028,1.5797205449065985
27065,19017,1.6680455629268645
27065,81003,1.7044896596928947
27065,25001,1.978645243594718
27065,18002,3.74596663092452
27071,37008,1.0159261784204598
27071,12006,1.7218922730531083
27071,21013,2.1471238902308363
27071,39042,4.365533300754904
27071,66006,5.314657655954897
27073,27087,2.069439537652647
27073,65008,3.297077645430875
27073,80004,5.406093321429071
27073,19006,5.751754949578433
27073,55007,6.763384433846712
27077,54038,0.8341252903491178
27077,84026,1.3673715661808974
27077,41020,2.2613292551063857
27077,27003,2.460117070385066
27077,21013,4.227675129429886
27079,30014,1.075673277533657
27079,54028,1.6047062036397814
27079,38029,2.2243709223059
27079,13005,2.7701265314061017
27079,68005,5.77165946673918
27080,65001,1.3802220835793058
27080,41005,2.904545403329065
27080,55014,3.3385135914056123
27080,31023,3.8043350273076637
27080,42011,4.027684446428245
27084,28040,1.0020319356188205
27084,12007,2.3064023933390287
27084,43021,3.8198177967018268
27084,19010,4.083381074550844
27084,84017,4.138538147703848
27087,41001,0.9147660903203616
27087,27073,2.069439537652647
27087,28033,2.4419180985446665
27087,68001,3.6965326997065775
27087,33014,3.8843512971923637
27089,89005,1.8600056451527236
27089,67033,2.190948881192804
27089,27002,2.5751312587905106
27089,41020,2.6298866895742865
27089,82003,3.5412547211405165
27090,39105,2.6860636626856036
27090,96004,3.2307735915721487
27090,40003,3.8076182844397626
27090,8013,4.123172686172627
27090,34003,4.652026225205529
28001,43005,1.5740825899551776
28001,27038,4.199195399121122
28001,41025,4.226018693758938
28001,88001,5.149429871354692
28001,42010,5.4153216894289855
28003,15013,4.098102243722086
28003,40005,5.036751333945324
28003,83007,5.326986859379325
28003,47018,5.846695647970741
28003,60003,6.214887931411153
28008,39054,1.1702175011509612
28008,41025,1.4719307048906887
28008,59001,2.1813289527258375
28008,23007,2.3039848089776984
28008,101005,4.181204611113883
28009,52015,1.8472882828622066
28009,42001,3.26348065721248
28009,39141,3.577432878475849
28009,89002,4.183608609800873
28009,28022,4.412687389788676
28012,11004,1.6078149769174312
28012,93001,2.5234745887367285
28012,13005,3.3573014461022113
28012,74005,3.8702926245957165
28012,43006,4.341547419987486
28015,38012,2.2644540180802966
28015,20007,5.383868683391154
28015,69007,6.157832898025084
28015,38003,6.583811813835507
28015,36009,6.751926613937684
28018,58010,5.369660417568322
28018,27071,6.733109385714745
28018,28008,7.214011713325672
28018,52011,7.517886205576671
28018,28031,7.779173477947385
28022,30004,3.114433816924033
28022,28009,4.412687389788676
28022,54012,4.468480054783729
28022,15021,4.587929925358494
28022,53028,5.048699238417753
28023,24001,3.1795378595009685
28023,39056,3.8464612307938317
28023,39005,3.978476341515681
28023,35003,5.027732093101223
28023,33034,7.137773952711027
28024,25020,3.1073979468359054
28024,36011,4.222299965658527
28024,33021,4.914410239286093
28024,41028,5.5735497665312
28024,21024,5.824235314614271
28026,45001,3.5876778004720546
28026,54029,3.6464034335218583
28026,27029,3.9292193881227857
28026,72005,4.543501733244965
28026,33013,4.717295835539679
28031,52007,2.745137519323941
28031,84019,3.2437866760932352
28031,55016,4.769366939123053
28031,28008,5.576906400505571
28031,21009,5.66581415155845
28033,34011,0.8814108009322328
28033,72002,2.3449234529084313
28033,27087,2.4419180985446665
28033,67005,3.6324143486116776
28033,13007,4.652601207926594
28039,33019,3.4973986046774823
28039,28074,3.849714794630896
28039,44002,3.9871866021042957
28039,48003,4.539954625323914
28039,18001,6.761645140052826
28040,27084,1.0020319356188205
28040,7003,1.3250207545544332
28040,48005,4.464695734313818
28040,69032,6.144922619529069
28040,47011,6.394015092256195
28043,39095,1.4397249737363036
28043,84016,2.918682750831272
28043,54018,3.096319266483998
28043,21012,4.103731107175517
28043,45003,4.827436586843995
28044,77002,0.9817255217218304
28044,54036,1.0758461785961784
28044,69032,1.41374538018697
28044,79006,1.7729433155067311
28044,3003,2.3656085897713512
28046,23008,1.563464102562
28046,10003,1.9175244457372638
28046,55026,3.253109435601575
28046,71001,3.4958405283994294
28046,25001,4.134861787291082
28048,55008,3.633700180257034
28048,37008,4.503479210565982
28048,31023,4.509106341615819
28048,28082,5.290826494981667
28048,33018,5.856952108392214
28050,7006,2.754292649665246
28050,8004,3.130409557869385
28050,39002,5.447622050032472
28050,34006,5.665638622432603
28050,60002,5.9605960272442555
28052,84013,2.803175699095581
28052,57007,3.600811158614125
28052,40003,4.446310155623424
28052,12001,4.610371460088655
28052,80001,4.721552498913891
28055,39011,0.3897717280665698
28055,60003,5.380102787122194
28055,80005,5.406451423993376
28055,39105,5.7422223049965595
28055,12006,6.428354143946955
28056,40009,3.1210975633581213
28056,27026,3.3522631161649588
28056,27084,5.0859733581685225
28056,35003,5.303935142891549
28056,48005,6.269766582577058
28060,15016,0.9776712126272308
28060,14002,3.367442501365094
28060,51001,3.927049019301898
28060,42026,4.494384607485212
28060,54057,4.51643587356225
28066,50007,4.932537075380173
28066,28080,5.390202964638715
28066,8011,5.73645962245007
28066,42027,5.739491615117144
28066,38030,5.82638704515929
28067,84004,0.6824463348864876
28067,38018,2.970035016628592
28067,28085,3.450090578521092
28067,7002,4.108811263613845
28067,9005,4.291274169754247
28072,39141,1.2460870756090845
28072,18018,2.3250808588090006
28072,27001,3.017575848259659
28072,33021,3.24770087908354
28072,77003,5.26116355951799
28074,33053,1.463083046173388
28074,43018,2.0275862497067787
28074,28093,2.756836774275909
28074,21012,3.301460434413837
28074,28039,3.849714794630896
28080,78004,3.0560001636125613
28080,80005,3.2602191644121103
28080,36011,5.3118463833209635
28080,28066,5.390202964638715
28080,13004,5.6196580856845735
28081,15024,6.048693743280445
28081,28003,6.3389357150865635
28081,29005,6.563518720930108
28081,57008,6.877864930339938
28081,76014,6.988916153453266
28082,27049,1.669415766069076
28082,65008,2.557462218684765
28082,39028,4.316330965067438
28082,58006,5.190398828606526
28082,28048,5.290826494981667
28085,66011,0.7000142855685161
28085,30014,2.1183866502600512
28085,28067,3.450090578521092
28085,84014,4.150415039487015
28085,40005,4.337194715481425
28091,30015,0.6331737518248841
28091,15016,2.9589866508654614
28091,37005,3.829018934400821
28091,9004,3.930814292230046
28091,54036,4.653248435233175
28093,23011,2.0262707124172725
28093,26008,2.4886695240630083
28093,28074,2.756836774275909
28093,39023,4.113265004834967
28093,65001,4.18290927465562
28115,14002,2.322144267697423
28115,39101,5.1799815636737545
28115,37020,5.408816229083772
28115,8004,5.696769084314371
28115,27087,6.332769378399943
28116,58002,5.99697006829282
28116,13004,6.235183557843346
28116,84019,7.095503717143695
28116,28115,7.250120619686268
28116,84018,7.364240218787001
28117,23004,0.5158071344989327
28117,39029,2.0812258407006192
28117,46014,3.0415550299147966
28117,42027,5.137433211244697
28117,54049,5.573340560202651
29002,73011,2.171387114265902
29002,39061,3.2499221529138205
29002,68020,3.504405370387393
29002,27023,4.862669739967953
29002,39027,5.141516605049525
29003,40020,4.102730432285309
29003,30011,5.973958905114765
29003,69007,6.013413340192074
29003,84016,6.781186474356828
29003,39037,7.246178924095099
29005,33033,0.12624579200908045
29005,67025,3.4344909375335377
29005,25029,3.9199179838358864
29005,84026,4.438518333858721
29005,68003,5.530962032051929
29009,54063,1.7564794334121878
29009,52016,2.7999344635187446
29009,41014,3.746468470439862
29009,89007,4.825216368205679
29009,73014,5.167344579181845
30001,55029,1.9294709119341498
30001,27026,2.1685479012463618
30001,27049,3.0041318213420665
30001,54019,3.707995280471646
30001,84012,4.384562463918151
30004,39144,2.0387685008357375
30004,68004,3.0721835882642172
30004,28022,3.114433816924033
30004,39001,3.2990691111281683
30004,4006,4.642237930136714
30005,80001,0.34495796845412924
30005,33007,1.598320681215131
30005,30015,2.928635347734504
30005,33019,3.217755895029951
30005,21022,3.2653411766613303
30011,62001,3.5951986036935426
30011,65004,4.999933299555105
30011,29003,5.973958905114765
30011,39088,6.0141208002500255
30011,15025,6.221349371318091
30012,25021,0.8011554156341951
30012,33029,2.1030485015805036
30012,40013,2.476109246378277
30012,64001,2.6957692779613023
30012,56013,2.745873449378175
30014,27079,1.075673277533657
30014,28085,2.1183866502600512
30014,27023,2.624551771255427
30014,39125,3.801383037790325
30014,68020,4.027158303320097
30015,28091,0.6331737518248841
30015,15025,2.863507115409354
30015,30005,2.928635347734504
30015,12007,4.173198892935729
30015,34010,4.197824793866462
31002,7005,2.298839924831653
31002,39020,3.228520713887399
31002,24004,6.061053786265224
31002,67025,6.074946748737802
31002,30014,6.796304436971611
31006,38003,1.7459361385801029
31006,47004,2.940907342981074
31006,64001,3.5778440435547214
31006,39087,4.760680308527343
31006,39002,4.777330007441395
31010,40009,2.7008391288634725
31010,25001,3.90146767255606
31010,36009,4.297888435034116
31010,66004,5.251394671894316
31010,31025,6.183749024661334
31021,69030,1.8470877077172054
31021,73009,2.565099998050758
31021,41006,6.115567185470208
31021,66006,6.1167256763729405
31021,38001,7.160369264220945
31023,18011,2.5695612465944455
31023,27080,3.8043350273076637
31023,28048,4.509106341615819
31023,30005,4.57014934110473
31023,39095,5.140666201962544
31025,37020,1.4787812549528752
31025,18001,1.5336779322921745
31025,1001,4.425206209884462
31025,6007,5.219497676980037
31025,31010,6.183749024661334
32003,72005,1.2325988804148738
32003,52016,2.5844250811350675
32003,34003,3.648980816611674
32003,42026,3.8055929892725
32003,82001,3.9409229883366157
32004,39001,2.9090914389204063
32004,54057,3.945660527719028
32004,47018,6.521695868407235
32004,69017,6.60357456231093
32004,16004,6.794637959450084
32006,39005,1.7932018848975149
32006,30012,3.6488080245471948
32006,32008,4.500523080709619
32006,30004,4.7670738404182496
32006,14002,5.326223427532871
32008,54003,3.0311651225230207
32008,21023,3.450441276126867
32008,32006,4.500523080709619
32008,54015,5.065433545117338
32008,52011,5.599075012892754
33006,42003,4.33755553278572
33006,83010,4.418472134120571
33006,67010,4.550409651888498
33006,84013,7.459136478172256
33006,2002,8.62552496953084
33007,30005,1.598320681215131
33007,4006,3.8115095434748683
33007,39011,4.415086522368504
33007,25021,5.7880961464025455
33007,15039,6.078389589356707
33012,41013,2.1140354774695718
33012,40005,4.406227978668376
33012,21015,5.255441465757182
33012,39011,5.936941047374481
33012,94001,6.686343769206008
33013,76003,2.12895678678549
33013,89005,3.5780845434394086
33013,8009,4.640624957912458
33013,28026,4.717295835539679
33013,38021,5.678309695675289
33014,56001,3.481329056552971
33014,41006,3.7420042757859053
33014,27087,3.8843512971923637
33014,61002,4.270447868783788
33014,41005,4.600648758599161
33018,52009,4.37936399491981
33018,52005,4.634417439117888
33018,55026,5.285194509192637
33018,41028,5.646693988521071
33018,67001,5.6952629438859095
33019,30005,3.217755895029951
33019,28039,3.4973986046774823
33019,77002,6.903616443575062
33019,21008,6.932988965806883
33019,27049,6.98794977085554
33020,18017,3.748137270698607
33020,57009,6.792977329566176
33020,25006,7.096832039720258
33020,28050,7.314966917218423
33020,72009,7.865601057770474
33021,80003,2.6239864710017087
33021,40009,2.924116618741462
33021,63004,3.185272358841548
33021,28072,3.24770087908354
33021,40022,3.2751897654945124
33022,18014,3.3056976570763394
33022,41001,3.5057692451158275
33022,65006,3.5102994174286613
33022,43006,5.071769908030134
33022,21015,6.547090727949323
33023,76005,2.0988170477676227
33023,84018,3.5157667726969604
33023,55021,3.9504442788121947
33023,30004,4.9463982856215685
33023,67015,5.647726002560677
33024,18011,0.8118774538069153
33024,39052,2.2568956555410353
33024,55002,3.667634251121559
33024,42006,3.8415856101354815
33024,22006,4.596463423111295
33026,76014,3.39769583688711
33026,15021,4.289367785583326
33026,84022,4.3814076505159845
33026,72007,4.588356132647073
33026,33031,5.049411054766685
33028,12001,0.9991821655734253
33028,60003,2.3917244824603023
33028,21016,3.2336759268671313
33028,44011,3.8738575089953944
33028,39025,4.735516550493726
33029,39069,0.8605033410742808
33029,30012,2.1030485015805036
33029,55023,4.3279857901800005
33029,57007,5.931103944460929
33029,28031,6.383713731050289
33031,16001,2.28255142329806
33031,55008,2.451654543364542
33031,47009,5.019361911637773
33031,33026,5.049411054766685
33031,25001,6.155523454589382
33032,21011,1.5054929425274635
33032,17015,3.4830275623371114
33032,41019,4.3536913073850325
33032,54003,5.068869104642573
33032,54038,6.099444646851056
33033,29005,0.12624579200908045
33033,79006,2.3053247059796154
33033,15013,2.6826196152268778
33033,83006,2.8993428565797457
33033,54007,4.869246040199653
33034,57009,3.471981854791295
33034,15011,4.147412808004527
33034,18018,4.28193706165796
33034,29002,6.52936666147644
33034,67001,6.54480076090938
33035,85001,1.4638008744361373
33035,12007,1.911727229496928
33035,58002,3.2333948104121153
33035,57004,3.6778467885435355
33035,15023,5.053289225840928
33039,55013,2.560484719735699
33039,6007,2.8682736968427545
33039,39056,4.956689419360466
33039,24003,5.11725678464546
33039,55014,5.27012732294012
33053,15030,0.5818461996094844
33053,28074,1.463083046173388
33053,69030,1.7343384906067212
33053,17004,3.9707394777295577
33053,65004,4.781188659737241
33054,13005,1.6816768417267332
33054,39004,3.181265471475149
33054,27009,3.976755712889591
33054,65001,6.204935132618228
33054,13008,7.0450306599758665
33058,41028,3.1289157866583754
33058,83010,3.955053602670892
33058,27023,4.898324815689543
33058,41019,5.140978311566778
33058,81004,6.420562047048529
34002,84005,3.500000285714274
34002,40020,3.5806993730275654
34002,13008,3.8589252389752255
34002,83010,3.883688581748027
34002,55007,5.156223133263338
34003,69015,0.5120175778232618
34003,15010,2.956162715413345
34003,54017,3.3291106920617706
34003,32003,3.648980816611674
34003,25029,4.266021331404708
34004,9003,0.9283027523389124
34004,43008,2.24736579132103
34004,35003,2.343145321997763
34004,57004,5.389449044197375
34004,71001,6.661197264756539
34005,53009,2.0299280775436355
34005,41006,3.031764007966319
34005,17001,3.679558669188467
34005,38018,3.8612548478441564
34005,13001,5.575954088763644
34006,39012,3.190247169107748
34006,27003,4.3819585803610694
34006,37009,5.283908023423572
34006,28050,5.665638622432603
34006,34007,6.022736338243606
34007,84004,2.500486352692212
34007,66006,3.6513594728539123
34007,39105,3.85586994075267
34007,39144,5.912401373384592
34007,34006,6.022736338243606
34008,52015,3.123856590818471
34008,25021,3.2611833741756997
34008,55013,3.4285419641591086
34008,54007,6.161009008271291
34008,52011,6.198764554328548
34010,73010,1.195853669978062
34010,54015,3.6396907835693955
34010,30015,4.197824793866462
34010,34006,6.459564459001861
34010,46014,6.545239873373626
34011,28033,0.8814108009322328
34011,53006,2.1738281900831073
34011,90003,3.0604208860874023
34011,97002,4.392244187200889
34011,39099,4.560190566193479
34012,72004,2.002300926434386
34012,39014,2.834995590825496
34012,19020,3.427011088397585
34012,71008,4.2468789716684885
34012,76008,5.101894746072286
35003,34004,2.343145321997763
35003,28044,3.0463934414320155
35003,58006,3.071363378045652
35003,30012,3.330430752920709
35003,13007,4.013617943950321
35008,13005,1.9941175993406206
35008,54052,1.9951934743277404
35008,10003,3.6310056458232065
35008,57004,4.996642172499448
35008,6008,5.054922056768037
36003,68004,2.0082930563042836
36003,66004,2.494997595189222
36003,94001,3.981863885167347
36003,75017,4.5075280365184645
36003,50002,5.0210701050672455
36006,78006,1.2230196237182787
36006,41023,2.441339181678777
36006,38021,2.9413473103324606
36006,42026,4.108601830306753
36006,41001,4.223068552604848
36009,38007,1.4648361683137128
36009,27030,2.6506561451836785
36009,6007,3.554081175212519
36009,31010,4.297888435034116
36009,27064,4.673775026678113
36010,24003,4.117499362477182
36010,36011,4.953738487243751
36010,13008,5.071436187117018
36010,27001,5.124844290317512
36010,21026,5.8127752407950535
36011,52006,2.54205035355321
36011,19001,2.742864378710694
36011,41027,3.1699504727992203
36011,52010,3.6308314474786627
36011,28024,4.222299965658527
36012,90003,1.920758704262459
36012,15030,2.933136546429436
36012,40012,4.471625766989003
36012,35003,4.890108587751401
36012,54034,5.465439506572184
37001,43006,5.13407304194243
37001,46005,7.879446300343699
37001,38007,8.39479850860043
37001,10003,8.513883250315333
37001,3003,8.525117301245773
37003,73005,1.1556340251134873
37003,54027,1.3563900618922273
37003,78003,3.8608149398799214
37003,66001,3.9250745215855454
37003,57009,4.566365951169486
37005,89003,0.9641421057084895
37005,47011,2.1157998487569656
37005,27001,2.561009957028672
37005,53017,2.916081788976434
37005,66004,3.565121737051906
37008,27071,1.0159261784204598
37008,21017,1.685757989748232
37008,37020,4.124358980496242
37008,28048,4.503479210565982
37008,54036,4.692821432784333
37009,71004,1.5182493207638856
37009,39008,1.7719517487787302
37009,51001,4.219013154755505
37009,37003,4.70728722301922
37009,37010,5.1206017224541105
37010,53007,2.5294641725076876
37010,13001,2.7897213122460816
37010,74005,4.415095582204308
37010,37009,5.1206017224541105
37010,76003,5.129049034665198
37011,37020,3.5126471499426186
37011,30014,5.299069069185643
37011,84026,5.626588664546219
37011,39061,5.766230311043776
37011,26008,6.289546406538392
37018,22001,1.3236797195696548
37018,18017,3.1465175988702176
37018,69015,3.334083382280653
37018,15011,4.912665467951181
37018,37019,4.915069989328738
37019,83013,1.8016892073828938
37019,54019,3.101450305905287
37019,55008,3.790191815726481
37019,37018,4.915069989328738
37019,27030,5.151567722548156
37020,19006,0.7608429535718918
37020,31025,1.4787812549528752
37020,84020,2.7484111773895843
37020,37011,3.5126471499426186
37020,83009,3.7521974894720027
37031,2001,1.2193264534159831
37031,19001,3.2629118897083322
37031,41023,4.166862728720494
37031,42024,4.449828760750238
37031,60005,6.137066563106514
37033,89003,5.121669356762499
37033,73010,5.517478862669073
37033,64001,6.43892421138811
37033,27073,7.12214469103233
37033,83013,7.308123767424852
38001,42016,4.79380735950038
38001,38030,5.048324177387977
38001,27021,5.082564903668225
38001,101002,5.7504867620054565
38001,47009,6.816466019866892
38003,31006,1.7459361385801029
38003,84001,2.7260442036034562
38003,42006,4.493181723456107
38003,38018,4.5236556013914235
38003,107001,4.666433541796133
38004,15039,2.7381776786760934
38004,55008,3.070480092754226
38004,38029,3.433579036515688
38004,84019,3.8329038599996217
38004,12008,4.4281148359092946
38007,36009,1.4648361683137128
38007,55014,3.5827444787481006
38007,45004,3.740273786770161
38007,54060,6.593194142447195
38007,39143,6.847734004763912
38012,28015,2.2644540180802966
38012,41003,3.39369076375559
38012,83013,4.252751227146963
38012,39081,4.298355266843354
38012,38030,4.727060080007446
38014,39081,1.7909070327630074
38014,23007,2.8660027913454655
38014,38021,5.1731850923778095
38014,34002,6.105938830351972
38014,25020,6.427867609090903
38017,47008,2.207283398206945
38017,38003,6.100859775474273
38017,33033,6.412134512001444
38017,23008,7.2969544331864915
38017,69030,7.464326962292046
38018,27026,1.7777390134662623
38018,69043,2.550640703823257
38018,75017,2.5903748763451206
38018,28067,2.970035016628592
38018,54025,3.794956257982429
38021,36006,2.9413473103324606
38021,41013,3.2166299134342453
38021,46005,3.5298702525730317
38021,79005,4.725259040518308
38021,53017,4.919761173065213
38029,27079,2.2243709223059
38029,38004,3.433579036515688
38029,57008,4.4528535794476785
38029,11003,5.789541778068451
38029,81003,6.141852000821902
38030,45009,1.9368575063746947
38030,50011,3.18357047982293
38030,78006,4.128335499932145
38030,39004,4.641251663075382
38030,38012,4.727060080007446
39001,27026,1.795839914914467
39001,32004,2.9090914389204063
39001,30004,3.2990691111281683
39001,84012,3.7974276819973807
39001,39065,4.901707661621611
39002,65004,3.2408555969064716
39002,31006,4.777330007441395
39002,76011,4.874695990520845
39002,28050,5.447622050032472
39002,54012,5.892070349206635
39004,33054,3.181265471475149
39004,38030,4.641251663075382
39004,71001,6.664567877964783
39004,47008,6.82239092987202
39004,15007,7.461800653997666
39005,7003,1.5697595357251377
39005,32006,1.7932018848975149
39005,52007,2.9351185665999933
39005,41013,3.246229197083903
39005,61001,3.9777081340892773
39006,35003,5.985757178502984
39006,28056,6.578094024867689
39006,39025,7.541459076332643
39006,41003,8.139097247238173
39006,7003,8.261533271735944
39007,55013,0.3951733796702404
39007,50006,3.084389728941529
39007,28044,3.2565787262094554
39007,11004,4.169495053360778
39007,54060,5.702482354203299
39008,37009,1.7719517487787302
39008,76011,3.14802112445263
39008,44002,3.528177574896139
39008,92001,4.6182033303006484
39008,39010,4.662435522342373
39010,92001,1.7389965497378077
39010,71014,3.6498312289748416
39010,20007,4.530444790525539
39010,39008,4.662435522342373
39010,21023,5.451098237970034
39011,28055,0.3897717280665698
39011,24001,0.6233907281954072
39011,33007,4.415086522368504
39011,22001,5.314900657585238
39011,39078,5.669555626325577
39012,54004,1.4969796257798569
39012,34006,3.190247169107748
39012,27025,3.4083387449019793
39012,54012,3.869121476511173
39012,39144,4.065902359870439
39014,83006,2.63629512763651
39014,34012,2.834995590825496
39014,21008,3.7334190763963266
39014,54060,4.667307253652795
39014,39125,4.954939353816553
39015,16004,3.2184190218180104
39015,47005,4.695100105429063
39015,14005,4.933488015593025
39015,43017,5.352840741139231
39015,38012,6.045695328082618
39016,61001,1.1499226060913839
39016,22001,3.1113938998461768
39016,101005,3.118270353898135
39016,54020,3.930892137924926
39016,18003,5.035162062933029
39017,84008,3.0645538011266824
39017,21015,3.774502483771868
39017,47001,3.9203349346707608
39017,27002,4.544028609064868
39017,12006,5.5750939005545
39019,2002,3.2307232936294623
39019,30012,3.3999689704466425
39019,69027,3.700585494215747
39019,15030,3.9273665477008888
39019,20007,5.437395332325948
39020,15023,1.8008089848731874
39020,31002,3.228520713887399
39020,25020,3.456419679379227
39020,54005,5.383145920370355
39020,33018,5.900399054301328
39021,54024,2.406462133506364
39021,83007,2.5903158108616795
39021,25003,4.330887437927705
39021,67006,5.75507445651227
39021,27026,6.23734510829728
39022,65008,1.1146272919680371
39022,40020,1.6133322658398672
39022,28060,4.779290742359163
39022,53013,5.276282213832008
39022,33021,5.278009662742197
39023,80004,0.7800826879248123
39023,28093,4.113265004834967
39023,52010,5.188721326107233
39023,28026,5.806677879820784
39023,42016,7.643455239615131
39025,68001,3.082425830413442
39025,53008,4.385603037211645
39025,33028,4.735516550493726
39025,23016,5.012163804186771
39025,60005,5.500083635727733
39027,15013,1.8604784330918753
39027,40010,2.3302703705793455
39027,27029,3.554314139183536
39027,52006,4.104558685169454
39027,39114,4.954436395797205
39028,14005,2.6721556840872878
39028,41001,3.2345735422154185
39028,73009,4.0978848202456835
39028,67025,4.1049576124486356
39028,28082,4.316330965067438
39029,39036,1.5688788990868607
39029,43006,2.0086756831305546
39029,28117,2.0812258407006192
39029,23004,3.5986177902077903
39029,68004,3.920423701591449
39034,55013,3.556790969399242
39034,62001,4.994138364122484
39034,96001,6.095190398994933
39034,46014,6.400338116068557
39034,15010,6.445570882396686
39035,15039,1.4906834003234892
39035,49004,3.8497118073954577
39035,39108,4.7269747196277665
39035,44006,4.758131671149927
39035,76011,5.373069234618143
39036,4003,1.2032825935747595
39036,48011,1.3691259985844983
39036,39029,1.5688788990868607
39036,35003,5.314911570289763
39036,2001,5.325817308169705
39037,81003,0.8721129514002185
39037,45012,4.251521727570024
39037,57005,5.290665742607446
39037,68004,6.8955754654705945
39037,29003,7.246178924095099
39042,44011,1.842611462028824
39042,56012,3.3811480298857073
39042,85003,4.072014366379372
39042,27071,4.365533300754904
39042,39008,4.798611153240071
39049,27001,2.4263243806218493
39049,67025,4.493038615458363
39049,48005,4.949300758693091
39049,37010,6.658010288366937
39049,33053,7.418675488252603
39052,89002,1.8384833423232314
39052,33024,2.2568956555410353
39052,17004,4.224965443645664
39052,8006,4.940875327307905
39052,46008,5.6224881502765305
39054,28008,1.1702175011509612
39054,39108,1.7937675434682165
39054,25020,3.2561217729071497
39054,55023,3.330635975305617
39054,39069,4.786510315459479
39056,76008,3.7989356404129833
39056,28023,3.8464612307938317
39056,37020,3.95692835416564
39056,33039,4.956689419360466
39056,12007,6.127357097476857
39061,29002,3.2499221529138205
39061,37011,5.766230311043776
39061,39019,6.48077973703782
39061,39081,7.878442104883426
39061,54003,9.17374302016358
39065,7002,3.412319006189193
39065,39001,4.901707661621611
39065,55002,4.9573835841096665
39065,71008,5.198326653837752
39065,21006,7.236999447284766
39069,33029,0.8605033410742808
39069,39142,1.3333304166634767
39069,18011,1.8585943613386973
39069,65001,3.2028187585313037
39069,45005,4.14248584789375
39072,21012,2.8119916429463303
39072,52011,4.830109419050463
39072,61001,4.901805891709707
39072,80001,5.789712600811892
39072,4003,7.099004225946059
39078,27049,0.5991544041397009
39078,21011,1.8605359442913216
39078,73014,2.1972621600528237
39078,27009,3.91833663689071
39078,83013,5.545020919708058
39081,25006,1.604613660667265
39081,38014,1.7909070327630074
39081,38012,4.298355266843354
39081,34002,6.61961094022904
39081,59001,6.784427610344147
39087,9003,2.2366568802567817
39087,31006,4.760680308527343
39087,12008,4.814633111671127
39087,82001,5.434756020282787
39087,26008,7.270154468785377
39088,12001,1.2923296793001389
39088,73009,4.832298210996503
39088,94001,4.8864319293324865
39088,30011,6.0141208002500255
39088,69023,6.443802371271174
39095,28043,1.4397249737363036
39095,54052,5.02191756204739
39095,31023,5.140666201962544
39095,73011,5.341419380651551
39095,39114,5.6096605957936525
39099,15010,0.5965249366120414
39099,54096,1.8540776682760622
39099,95001,2.1021974217470634
39099,30012,3.3757376971559863
39099,34011,4.560190566193479
39101,75003,3.1185222461928985
39101,7005,3.7630054477770822
39101,24001,3.8303834011753968
39101,28115,5.1799815636737545
39101,40009,5.515407509876311
39105,27090,2.6860636626856036
39105,34007,3.85586994075267
39105,28055,5.7422223049965595
39105,31010,7.725034757203361
39105,52011,7.781254397589119
39108,39054,1.7937675434682165
39108,53005,2.406519478416911
39108,77004,2.4899775099385937
39108,12008,3.916205433835156
39108,39035,4.7269747196277665
39114,53018,1.8513824564362709
39114,41001,2.830472928681707
39114,39027,4.954436395797205
39114,61002,5.020142029863298
39114,39095,5.6096605957936525
39120,72015,2.072773263046395
39120,78006,2.1398273294824515
39120,75003,3.6686712853565937
39120,13007,4.4408603896092025
39120,60005,5.316915835331607
39125,24001,2.2489217416353107
39125,25012,3.327799573291637
39125,30014,3.801383037790325
39125,54063,3.808539483844168
39125,39014,4.954939353816553
39127,50011,0.5647167431553628
39127,44006,3.0307670646224203
39127,44011,4.130763609794198
39127,67005,5.3871018182321375
39127,32006,5.413663639348127
39141,28072,1.2460870756090845
39141,89007,3.322462339891906
39141,30005,3.5744511466797246
39141,28009,3.577432878475849
39141,21015,4.063787519051655
39142,39069,1.3333304166634767
39142,27051,3.0266590491827783
39142,84017,3.323808809182622
39142,24003,4.768507628178862
39142,39143,5.617387738086094
39143,24001,3.6836821252654253
39143,53006,4.068473177987045
39143,26003,4.129506023727293
39143,15010,4.458760926535533
39143,83013,5.414019763539842
39144,2001,0.8577144046825843
39144,61001,1.4765151540028298
39144,30004,2.0387685008357375
39144,54012,3.8030930832678815
39144,39012,4.065902359870439
40003,27030,3.5164939926011534
40003,27090,3.8076182844397626
40003,28052,4.446310155623424
40003,39125,5.054681493427652
40003,7005,7.761459463271067
40004,65006,2.0600594651611397
40004,40017,3.797117459336753
40004,83009,4.707348404356746
40004,77004,5.029074268690014
40004,90003,5.258228313795437
40005,17018,2.5191008316460857
40005,83006,3.093700211720586
40005,28085,4.337194715481425
40005,33012,4.406227978668376
40005,16003,4.449651671760386
40006,75003,1.914785627687862
40006,41025,2.3974254941499225
40006,40033,3.8181652661978895
40006,16001,4.81754180054517
40006,12005,5.219025579550268
40007,42011,3.7274790408532144
40007,75017,4.919976930840225
40007,28044,4.985455044426737
40007,9005,5.3942562972109505
40007,55013,6.301178064457471
40009,31010,2.7008391288634725
40009,33021,2.924116618741462
40009,28056,3.1210975633581213
40009,16001,3.330671103546551
40009,54002,5.140805578895199
40010,19020,0.8996088038697709
40010,39027,2.3302703705793455
40010,15021,3.0773173382022203
40010,47009,4.236674639384053
40010,32003,4.797096204997352
40011,55007,1.7203191564358051
40011,7002,2.148797803424045
40011,27043,2.6311489885599406
40011,53005,3.5463977498301005
40011,2001,4.047650306041766
40012,27038,1.0269805256186701
40012,21011,2.235863367918532
40012,40018,3.621700153242949
40012,43021,3.7701578216302827
40012,36012,4.471625766989003
40013,40018,1.2597352896541398
40013,30012,2.476109246378277
40013,54060,3.0852943133516453
40013,8009,4.32757079664793
40013,54044,4.509698437811558
40016,21026,4.500872470977155
40016,52007,5.035683866169519
40016,25029,5.205791870599516
40016,54011,5.495768008204131
40016,27023,6.271081087021599
40017,15012,1.9402208637162934
40017,48004,3.5705106077422597
40017,40004,3.797117459336753
40017,60005,3.8153898883338253
40017,41016,4.6673123958012495
40018,40013,1.2597352896541398
40018,15023,2.45213070614109
40018,42016,2.9237253632993645
40018,40012,3.621700153242949
40018,16004,5.365727723245002
40020,39022,1.6133322658398672
40020,34002,3.5806993730275654
40020,21015,3.5864648332306284
40020,52016,4.038011515585363
40020,52009,4.063704713681839
40021,50007,0.15063864046120437
40021,27064,1.0685583746337866
40021,65005,4.493362438085759
40021,27009,4.496937291090459
40021,75017,4.512706172575387
40022,61002,2.822103647990272
40022,33021,3.2751897654945124
40022,25006,3.656373203052446
40022,66011,4.151383022560072
40022,18001,5.284996310310917
40033,15012,3.406822566556703
40033,40006,3.8181652661978895
40033,27080,4.881210505602068
40033,8011,6.2297708625598744
40033,65005,6.6858970976227265
41001,27087,0.9147660903203616
41001,41013,2.4660940776864133
41001,39114,2.830472928681707
41001,39028,3.2345735422154185
41001,33022,3.5057692451158275
41003,75004,2.626025133162286
41003,41029,3.2513051225623224
41003,38012,3.39369076375559
41003,23008,6.301410080291554
41003,41016,6.358344753157066
41004,68005,1.7151912429813767
41004,4001,3.6237799326118023
41004,21022,4.66154051789749
41004,55013,4.687070086951976
41004,42027,6.426191173626878
41005,67008,2.8617955901845957
41005,27080,2.904545403329065
41005,69043,4.05136236345257
41005,17015,4.160109734129618
41005,33014,4.600648758599161
41006,89005,1.6461397267546884
41006,49004,2.7293090700761615
41006,34005,3.031764007966319
41006,85002,3.529776338523448
41006,33014,3.7420042757859053
41011,54044,2.836420455433221
41011,85003,3.003702382061179
41011,60002,4.738618047490218
41011,41027,4.797334468222953
41011,18008,5.031430909790971
41012,47011,2.7860872204581106
41012,43018,4.570874861555499
41012,75003,5.874783144933947
41012,41028,6.17452030525449
41012,96002,7.3115147541395284
41013,33012,2.1140354774695718
41013,41001,2.4660940776864133
41013,66006,3.0263411902824178
41013,38021,3.2166299134342453
41013,39005,3.246229197083903
41014,57005,1.54968190284329
41014,29009,3.746468470439862
41014,55002,3.783166927324249
41014,67033,3.98720315509506
41014,96004,4.048296061307769
41016,17004,0.8213014063058701
41016,8009,1.31906027155699
41016,4006,1.7004969861778645
41016,24001,2.7047354768997285
41016,15016,3.19231577385446
41019,74005,2.887588959668602
41019,54015,3.6458405066596096
41019,27003,4.241962046034829
41019,33032,4.3536913073850325
41019,33058,5.140978311566778
41020,27077,2.2613292551063857
41020,27089,2.6298866895742865
41020,54024,4.537036587906251
41020,43009,4.997446648039377
41020,77002,5.5206431690519535
41022,6007,2.728036839927203
41022,27062,5.079739363392575
41022,25021,5.460646298745232
41022,55025,5.672000705218574
41022,54011,5.983520368478744
41023,19010,1.1500473903278943
41023,36006,2.441339181678777
41023,97002,3.1733950274114946
41023,37031,4.166862728720494
41023,13001,5.333411103599647
41025,28008,1.4719307048906887
41025,40006,2.3974254941499225
41025,28001,4.226018693758938
41025,46014,5.859223327370275
41025,57007,6.128883748285653
41027,74007,3.0483787494338688
41027,36011,3.1699504727992203
41027,9004,4.368548614814765
41027,41011,4.797334468222953
41027,52015,6.026104960917956
41028,27035,1.7598914739267304
41028,33058,3.1289157866583754
41028,58002,3.5991767114160984
41028,25029,4.428855947081593
41028,40005,5.067900551510458
41029,41003,3.2513051225623224
41029,13004,4.880443627376511
41029,18002,5.363174153428173
41029,13007,5.685062972386498
41029,41016,6.021193984584785
42001,28009,3.26348065721248
42001,24005,4.469450525512056
42001,10003,4.5561707606278325
42001,39144,5.362995524890916
42001,83007,5.44237631921939
42003,33006,4.33755553278572
42003,69017,6.532813253109261
42003,28048,6.56671622654733
42003,22001,6.639056107610479
42003,83006,7.907695618826006
42004,9004,2.9917722172652117
42004,66001,5.3934200652276285
42004,27087,5.74718244011794
42004,54017,7.049272090081359
42004,11003,8.087731758657677
42006,12008,3.566163204341607
42006,33024,3.8415856101354815
42006,38003,4.493181723456107
42006,59001,6.594881954970839
42006,42008,6.997898255905126
42008,54015,3.9233230812666955
42008,26003,4.602273025364749
42008,1001,4.735111614312803
42008,40013,4.931832316695287
42008,24005,5.502689160764944
42010,42016,3.469495928805797
42010,27080,4.991327679084995
42010,47009,5.0662903588325845
42010,28001,5.4153216894289855
42010,76008,5.52569678864123
42011,50008,1.1393090011054947
42011,26009,2.586440024435131
42011,40007,3.7274790408532144
42011,82001,3.760161964596738
42011,27080,4.027684446428245
42016,21013,0.2171289939183618
42016,15007,2.3440136518373778
42016,40018,2.9237253632993645
42016,42010,3.469495928805797
42016,38001,4.79380735950038
42024,37031,4.449828760750238
42024,15012,5.200835413661925
42024,88001,6.551405650698177
42024,27006,6.723895671409544
42024,39144,7.574793264505639
42026,75003,2.7192223152953123
42026,83006,3.6094233611478717
42026,32003,3.8055929892725
42026,36006,4.108601830306753
42026,28060,4.494384607485212
42027,54007,1.7740318486430844
42027,55029,2.7927379039215263
42027,20002,3.705429124946259
42027,28117,5.137433211244697
42027,39014,5.471884593081254
43005,28001,1.5740825899551776
43005,21015,3.4479154572001907
43005,45005,4.1363042683052225
43005,60012,5.2038186939977065
43005,80006,5.492938375769384
43006,58010,1.947014124242554
43006,39029,2.0086756831305546
43006,96004,2.854580179290818
43006,60002,4.049743695593587
43006,28012,4.341547419987486
43007,72002,2.439504252916973
43007,14001,3.843392902111362
43007,6008,4.768295397728626
43007,12005,7.059220424381151
43007,63001,7.330567917971976
43008,54024,1.2112592620904907
43008,34004,2.24736579132103
43008,45005,3.313816229062801
43008,19006,5.578798168064516
43008,31025,6.792284814405238
43009,102001,1.0795499062109173
43009,57004,1.8386780577360464
43009,27006,2.1134457646223144
43009,41020,4.997446648039377
43009,50007,5.867610501728962
43014,60012,3.3032518826150694
43014,4001,3.8131977394307786
43014,39029,5.403729452887144
43014,15024,5.977841834642332
43014,54024,6.041304494891811
43017,83006,3.4556866177360472
43017,76011,4.288933667008618
43017,94001,5.0649932872611
43017,39015,5.352840741139231
43017,67015,5.819411052675347
43018,7006,1.6180630395630449
43018,28074,2.0275862497067787
43018,76005,2.438311711000052
43018,54001,3.9545337272553382
43018,47004,4.266334257884631
43021,44009,2.9793599983889156
43021,40012,3.7701578216302827
43021,27084,3.8198177967018268
43021,28072,6.052752762173588
43021,19020,6.459161865133897
44001,54016,1.0181517568614218
44001,15011,2.946450406845498
44001,15030,3.10363722106821
44001,24005,3.36600326797227
44001,21013,3.471935771295316
44002,21013,3.2258257857485115
44002,39008,3.528177574896139
44002,28039,3.9871866021042957
44002,7003,5.08114327686201
44002,21009,6.037308092188107
44006,50006,1.7804010784090196
44006,39127,3.0307670646224203
44006,54063,3.890315282853049
44006,27023,4.247581076330386
44006,39035,4.758131671149927
44009,21011,2.1119055376602427
44009,43021,2.9793599983889156
44009,35003,4.984672607102697
44009,41020,6.6597032966942304
44009,57009,7.042463773424752
44011,39042,1.842611462028824
44011,71004,2.1883189895442574
44011,89005,2.9249671793030427
44011,85001,3.0837473956211134
44011,33028,3.8738575089953944
45001,55018,2.129497593330408
45001,28026,3.5876778004720546
45001,13007,5.181106638547406
45001,83003,5.631825370161969
45001,39143,6.024914937158863
45003,21017,2.624189779722496
45003,28043,4.827436586843995
45003,81004,5.238715968632008
45003,12007,5.750260168027183
45003,9002,6.146546103300617
45004,15039,3.1403709971912552
45004,38007,3.740273786770161
45004,12006,5.047303438470884
45004,84008,5.121774887673218
45004,26009,5.840676758732673
45005,7002,2.4355149352857604
45005,79004,2.885386802492865
45005,43008,3.313816229062801
45005,19020,3.8629900336397456
45005,15016,3.9621696076770867
45009,38030,1.9368575063746947
45009,39010,5.6226913484558265
45009,69015,6.375487118644347
45009,47009,6.697461683354374
45009,39035,8.092793151934627
45012,26009,1.318871108183055
45012,39037,4.251521727570024
45012,21003,4.486867169863624
45012,96004,4.490804159613287
45012,37003,6.2934620837818676
46003,18001,4.959820964510715
46003,27043,5.203797555631849
46003,48005,5.91413467888583
46003,69002,6.360773930898661
46003,13005,6.4577901018847
46005,54004,2.9763993347667577
46005,55021,3.1754914580266154
46005,38021,3.5298702525730317
46005,76008,4.323765257272878
46005,63004,4.706937858098405
46008,74005,1.5583889116648644
46008,81004,2.353990016971185
46008,21023,3.7405803025733855
46008,88001,5.19437166556264
46008,39052,5.6224881502765305
46014,7005,1.513085589119135
46014,28117,3.0415550299147966
46014,7003,3.5129880443861463
46014,52016,3.9433916873676145
46014,37009,5.436110742065507
47001,60012,2.1362361760816615
47001,84020,3.5618279015134915
47001,55018,3.741197802843362
47001,39017,3.9203349346707608
47001,12009,4.004874155326232
47004,31006,2.940907342981074
47004,43018,4.266334257884631
47004,54036,4.704875875089586
47004,54020,5.452842378063023
47004,24004,5.870632759762784
47005,15011,1.6193137435345875
47005,107001,2.7102665920532614
47005,52005,3.6351715227757824
47005,39015,4.695100105429063
47005,36006,7.117109033870424
47008,38017,2.207283398206945
47008,17018,2.479222862108205
47008,72002,2.487373916402598
47008,47018,2.6580543636276515
47008,39004,6.82239092987202
47009,65004,0.8011797551111736
47009,76011,2.655567171057814
47009,40010,4.236674639384053
47009,33031,5.019361911637773
47009,42010,5.0662903588325845
47011,83007,1.0006178091559235
47011,67010,1.4125891122332779
47011,84017,1.6245150045475112
47011,37005,2.1157998487569656
47011,41012,2.7860872204581106
47014,96001,2.1151115809810133
47014,58006,4.619401909338481
47014,21024,4.66986530855013
47014,67025,4.782722655559279
47014,39036,6.128765128474088
47018,54095,0.674862949049657
47018,47008,2.6580543636276515
47018,4003,2.8816628879867263
47018,41016,3.79876400951678
47018,72004,5.826043597502511
48003,24001,0.4835555810866006
48003,10002,2.085892614685617
48003,54015,3.323083056440209
48003,64006,4.278461055099135
48003,28039,4.539954625323914
48004,18011,0.9097785444821174
48004,48011,2.003796646369087
48004,40017,3.5705106077422597
48004,27034,3.652593872852551
48004,64001,4.226705691197342
48005,84018,2.7038744423511973
48005,53009,4.178892915593794
48005,28040,4.464695734313818
48005,39049,4.949300758693091
48005,50011,5.6910309259395175
48011,39036,1.3691259985844983
48011,48004,2.003796646369087
48011,89005,3.320677792258683
48011,16003,3.325490039076948
48011,23007,3.8704993217929906
49001,73005,2.281523394576527
49001,28074,4.603216810014493
49001,41006,4.617632293719369
49001,76008,5.7904286542535
49001,60010,6.294657099477302
49002,80006,1.0532791652738605
49002,54057,2.582603337719519
49002,73015,3.6940016242551925
49002,54016,3.7480715041204857
49002,24003,5.07905384889745
49004,54095,1.5089973492355777
49004,56001,1.9128303636234971
49004,41006,2.7293090700761615
49004,39035,3.8497118073954577
49004,80004,4.446449819800062
50001,27079,5.988616200759571
50001,55026,7.336022968884435
50001,73015,8.21062975660211
50001,13004,8.659530934178825
50001,36009,8.76758718234384
50002,61001,3.1356878033375706
50002,36003,5.0210701050672455
50002,55018,6.710952614942234
50002,40007,6.824634568971441
50002,39034,7.279307934137695
50006,44006,1.7804010784090196
50006,102001,2.2759340939491195
50006,39007,3.084389728941529
50006,55002,4.614252377146269
50006,74005,5.238784305542651
50007,40021,0.15063864046120437
50007,72015,0.962667128347073
50007,21012,3.061733659219887
50007,72004,3.2867795788583085
50007,19020,3.566468281087048
50008,42011,1.1393090011054947
50008,79002,3.6711382431066255
50008,56012,4.235951368937089
50008,39012,4.389805576560311
50008,23004,5.615501580446755
50011,39127,0.5647167431553628
50011,53018,2.1857584496005042
50011,38030,3.18357047982293
50011,26005,4.659381182088454
50011,15013,5.209918329494235
51001,53008,3.1542555381579347
51001,28060,3.927049019301898
51001,37009,4.219013154755505
51001,20002,4.704964399440234
51001,54017,5.982299223542735
52004,83007,2.3414627906503234
52004,65008,4.545079317239689
52004,54001,4.768895259910831
52004,15024,4.9797735892307395
52004,27042,6.264231557022777
52005,89003,0.899928886079339
52005,47005,3.6351715227757824
52005,33018,4.634417439117888
52005,15024,5.199251676924286
52005,58010,5.305907745145971
52006,22009,0.2220315292925759
52006,36011,2.54205035355321
52006,39027,4.104558685169454
52006,12008,4.7011008285294205
52006,4001,5.121465610545481
52007,28031,2.745137519323941
52007,39005,2.9351185665999933
52007,40016,5.035683866169519
52007,97002,5.065520308912007
52007,12007,5.154642567627749
52009,40020,4.063704713681839
52009,33018,4.37936399491981
52009,27051,4.725185710636144
52009,19010,5.71742783076446
52009,85001,5.765551664845264
52010,36011,3.6308314474786627
52010,84019,4.040136260078365
52010,39028,4.538194574938364
52010,39023,5.188721326107233
52010,56007,7.939340148904064
52011,39072,4.830109419050463
52011,67010,4.961812773573787
52011,15011,5.42868989720356
52011,66006,5.502053162229533
52011,32008,5.599075012892754
52015,28009,1.8472882828622066
52015,21027,1.9900605518425813
52015,34008,3.123856590818471
52015,77002,5.169905608422654
52015,29009,5.384419838757004
52016,32003,2.5844250811350675
52016,29009,2.7999344635187446
52016,46014,3.9433916873676145
52016,40020,4.038011515585363
52016,67018,4.333003577196769
53005,24004,2.034693342988078
53005,53009,2.11477280103561
53005,39108,2.406519478416911
53005,54063,3.3126475816180627
53005,40011,3.5463977498301005
53006,15024,1.5566072080007853
53006,34011,2.1738281900831073
53006,65004,3.2003070165220087
53006,39143,4.068473177987045
53006,32003,4.673280860380639
53007,72009,0.8912379031437118
53007,15014,1.9599043344000238
53007,37010,2.5294641725076876
53007,54015,5.934187475973437
53007,13004,6.460563829883581
53008,51001,3.1542555381579347
53008,39025,4.385603037211645
53008,21024,6.031088210265208
53008,54016,6.290412148659259
53008,53023,6.973383755394507
53009,34005,2.0299280775436355
53009,53005,2.11477280103561
53009,48005,4.178892915593794
53009,12006,4.186391405494714
53009,73014,4.642331310882497
53013,39022,5.276282213832008
53013,65001,6.021655752365789
53013,26008,6.614377672918292
53013,15006,6.6812617071927365
53013,41020,6.8942304139040775
53017,37005,2.916081788976434
53017,54052,3.016258775370575
53017,16001,3.768270956287512
53017,38021,4.919761173065213
53017,17005,6.105291147848725
53018,53022,0.3347730574583325
53018,39114,1.8513824564362709
53018,50011,2.1857584496005042
53018,54019,3.7396541283920897
53018,64001,3.896894789444539
53022,53018,0.3347730574583325
53022,19017,4.266860438308242
53022,12005,4.370796266128175
53022,54012,4.9487878313785085
53022,56013,5.051829074701558
53023,37020,4.138301221515902
53023,44001,4.455391453059988
53023,21018,4.625815063315869
53023,66011,4.665930989631115
53023,55021,4.846742926956205
53028,27065,1.5797205449065985
53028,22001,2.653833830517653
53028,54095,3.5332796379567806
53028,76005,4.845583659374792
53028,28022,5.048699238417753
54001,43018,3.9545337272553382
54001,9004,4.166197546924534
54001,54018,4.235273780996927
54001,40012,4.557934729677466
54001,52004,4.768895259910831
54002,27006,2.2136289210253826
54002,69002,2.86876645964777
54002,40009,5.140805578895199
54002,54057,5.141098034466956
54002,28022,5.362296709433375
54003,84009,2.9287953154838258
54003,32008,3.0311651225230207
54003,55025,3.7575292414031853
54003,33032,5.068869104642573
54003,10002,6.9290798811963485
54004,39012,1.4969796257798569
54004,13008,1.717291472057088
54004,57006,2.809538752179795
54004,46005,2.9763993347667577
54004,19010,5.027879175159244
54005,61002,3.019194594589756
54005,27003,3.8590602482988006
54005,39020,5.383145920370355
54005,34002,6.416172223374308
54005,29005,6.437737801433047
54007,42027,1.7740318486430844
54007,21016,1.9180649102676375
54007,21008,2.5482927618309477
54007,15013,4.654064567665559
54007,33033,4.869246040199653
54008,68003,1.9904082495809747
54008,12002,3.0006867547279907
54008,76008,4.021623677073727
54008,54029,6.589799541715969
54008,65004,6.650904675305458
54011,95001,2.7519035230182034
54011,54096,4.283251218408745
54011,21027,4.946742362403766
54011,40016,5.495768008204131
54011,67015,5.582982178012035
54012,80006,2.7287542945454066
54012,15030,2.958833553953314
54012,54060,2.981366968355288
54012,39144,3.8030930832678815
54012,39012,3.869121476511173
54015,48003,3.323083056440209
54015,34010,3.6396907835693955
54015,41019,3.6458405066596096
54015,42008,3.9233230812666955
54015,97002,4.342196333654203
54016,44001,1.0181517568614218
54016,14005,3.3164862429987556
54016,69023,3.698322322351041
54016,49002,3.7480715041204857
54016,39005,5.333321385403284
54017,34003,3.3291106920617706
54017,25012,4.401103725203486
54017,65001,5.435439448655463
54017,51001,5.982299223542735
54017,80003,6.379875312261205
54018,28043,3.096319266483998
54018,54001,4.235273780996927
54018,39069,6.073623136151929
54018,9003,7.298039736806042
54018,82001,8.24549749863524
54019,37019,3.101450305905287
54019,30001,3.707995280471646
54019,53018,3.7396541283920897
54019,22006,5.11645355690834
54019,55023,5.546949431894976
54020,9002,0.2697721260619784
54020,8011,3.061371098053942
54020,39016,3.930892137924926
54020,84026,4.263180620147357
54020,84020,5.331448677423427
54022,55008,3.008655846054846
54022,57006,3.4078509357071356
54022,23001,5.444786864515451
54022,27079,6.477018218285324
54022,41011,6.533130949246311
54024,43008,1.2112592620904907
54024,39021,2.406462133506364
54024,65007,4.408804940116993
54024,41020,4.537036587906251
54024,11001,5.09706268354628
54025,74005,2.961459437507122
54025,6008,3.2067641010838326
54025,38018,3.794956257982429
54025,55026,5.2588335208485155
54025,30014,5.536163292389414
54027,37003,1.3563900618922273
54027,8011,5.054707212094485
54027,79004,5.31151965072144
54027,24005,5.592783296356118
54027,41019,5.864158933726131
54028,27079,1.6047062036397814
54028,68001,6.186147185445882
54028,27089,7.4373270063914765
54028,35003,7.8322876607029706
54028,27049,7.86162794845953
54029,15021,1.914092996695824
54029,28026,3.6464034335218583
54029,78004,4.1288566213904785
54029,83010,5.074080507835878
54029,54007,5.5588488916321515
54032,4005,1.3879113804562597
54032,39034,7.555145597538144
54032,48003,7.594095601189124
54032,39065,8.454703897831077
54032,12007,8.822407154512877
54034,36012,5.465439506572184
54034,21024,6.254786647040809
54034,37020,6.993171026079657
54034,54048,7.259817766307912
54034,71008,7.54422600403779
54036,28044,1.0758461785961784
54036,71006,4.500981781789391
54036,28091,4.653248435233175
54036,37008,4.692821432784333
54036,47004,4.704875875089586
54038,27077,0.8341252903491178
54038,27029,2.7449422580447846
54038,58009,2.8863142587043424
54038,55032,2.9506236628889155
54038,27026,3.4951360488541785
54044,64001,0.4470268448314933
54044,41011,2.836420455433221
54044,40013,4.509698437811558
54044,41013,4.68748973332209
54044,72004,4.971722940792256
54048,3003,1.1492919559450507
54048,14002,3.7406192000790455
54048,19017,5.326417557796234
54048,69043,6.038927139815482
54048,54034,7.259817766307912
54049,77003,3.064293230094013
54049,84004,3.4181323847972886
54049,58012,3.8025455947299305
54049,28117,5.573340560202651
54049,53018,6.216211225497409
54052,35008,1.9951934743277404
54052,53017,3.016258775370575
54052,41001,4.560867132465053
54052,39095,5.02191756204739
54052,75017,5.590864423324894
54057,49002,2.582603337719519
54057,32004,3.945660527719028
54057,71006,4.509520817115717
54057,28060,4.51643587356225
54057,54002,5.141098034466956
54060,54012,2.981366968355288
54060,40013,3.0852943133516453
54060,39014,4.667307253652795
54060,39007,5.702482354203299
54060,55021,5.955881882643409
54063,29009,1.7564794334121878
54063,15030,1.8660142014464949
54063,53005,3.3126475816180627
54063,39125,3.808539483844168
54063,44006,3.890315282853049
54080,9003,4.501902375662982
54080,36009,5.1883006851954905
54080,33026,5.42474810475104
54080,53007,6.83458147950553
54080,67033,6.925671158811975
54095,47018,0.674862949049657
54095,49004,1.5089973492355777
54095,26009,3.2808791504717147
54095,53028,3.5332796379567806
54095,21027,4.11989053252632
54096,39099,1.8540776682760622
54096,74001,2.3252047221696417
54096,55013,3.907851583671007
54096,54011,4.283251218408745
54096,47014,6.92485472771812
55002,74006,2.8915872803704197
55002,33024,3.667634251121559
55002,41014,3.783166927324249
55002,28044,4.454607053377435
55002,50006,4.614252377146269
55007,40011,1.7203191564358051
55007,54038,4.176958223396542
55007,28008,4.643956287477305
55007,18011,5.031595075122798
55007,34002,5.156223133263338
55008,21017,2.1451657278634677
55008,33031,2.451654543364542
55008,54022,3.008655846054846
55008,38004,3.070480092754226
55008,83004,3.107870010151647
55013,39007,0.3951733796702404
55013,33039,2.560484719735699
55013,34008,3.4285419641591086
55013,39034,3.556790969399242
55013,72015,3.897935479199213
55014,19017,0.8893486380492186
55014,80003,1.7584916832331052
55014,27080,3.3385135914056123
55014,38007,3.5827444787481006
55014,33039,5.27012732294012
55016,8013,2.423398646529291
55016,12005,3.2240584672117842
55016,89003,3.600709513415377
55016,28031,4.769366939123053
55016,26009,5.2327427798430906
55018,45001,2.129497593330408
55018,47001,3.741197802843362
55018,32003,4.676951571269473
55018,38021,5.5365824296220865
55018,50002,6.710952614942234
55021,21027,1.0684105016331502
55021,78004,1.3556290052960656
55021,27029,3.046107352015027
55021,46005,3.1754914580266154
55021,4003,3.190873234711777
55023,39054,3.330635975305617
55023,66001,3.8931336992196917
55023,33029,4.3279857901800005
55023,69007,5.12589319045959
55023,65006,5.319479767796847
55025,9005,3.245833791185248
55025,22001,3.4009958835611664
55025,54003,3.7575292414031853
55025,62001,5.6469957499541295
55025,41022,5.672000705218574
55026,89003,2.6544035111489737
55026,28046,3.253109435601575
55026,101005,4.090988266910577
55026,15024,4.2763278639505655
55026,54025,5.2588335208485155
55029,30001,1.9294709119341498
55029,73010,2.3892854580397045
55029,42027,2.7927379039215263
55029,8006,5.337743062381328
55029,20007,5.623571996516094
55032,54038,2.9506236628889155
55032,65008,4.662502761393284
55032,12009,5.523498619534543
55032,57005,5.9917964751817125
55032,23004,6.012705547422059
56001,49004,1.9128303636234971
56001,33014,3.481329056552971
56001,85002,3.6799077434087937
56001,83007,3.9281919505034377
56001,66004,5.511027671859397
56002,83006,3.664885537093894
56002,82001,4.027187728427867
56002,85004,4.232124407434168
56002,19001,4.796519571522668
56002,51001,6.452282851828491
56007,25029,3.649390360046456
56007,27090,5.612281532496388
56007,27084,6.101921746466436
56007,39127,6.181463338077805
56007,39001,6.811917865036248
56012,39042,3.3811480298857073
56012,81007,3.6617419351996943
56012,50008,4.235951368937089
56012,16003,4.459462860031463
56012,60002,4.763437624237353
56013,68001,1.5477212281286317
56013,30012,2.745873449378175
56013,27025,4.18434917281051
56013,53022,5.051829074701558
56013,72004,6.494229823466367
57004,43009,1.8386780577360464
57004,57005,2.3215736042606965
57004,92001,2.6702763901888504
57004,33035,3.6778467885435355
57004,17001,4.28959508578607
57005,41014,1.54968190284329
57005,57004,2.3215736042606965
57005,84009,3.7929621669613316
57005,73011,4.238696615706295
57005,68001,4.797280271153646
57006,27002,1.7334073381637682
57006,19020,2.7383531547263953
57006,54004,2.809538752179795
57006,54022,3.4078509357071356
57006,77002,5.963586588622656
57007,28052,3.600811158614125
57007,18008,3.94120210088242
57007,28012,4.6934358416835735
57007,33029,5.931103944460929
57007,41025,6.128883748285653
57008,4005,2.6979970348389934
57008,38029,4.4528535794476785
57008,54052,6.115883092407833
57008,28081,6.877864930339938
57008,21023,8.035257120963834
57009,12007,2.670189880888623
57009,71006,3.349141083919876
57009,33034,3.471981854791295
57009,10002,3.7109850444322734
57009,37003,4.566365951169486
58001,15039,3.2952917928462724
58001,16003,4.201840668088213
58001,40020,5.565943316276227
58001,36009,5.641272994635164
58001,20007,6.500516441022205
58002,11001,2.60375306048788
58002,33035,3.2333948104121153
58002,41028,3.5991767114160984
58002,27026,4.0390399849469185
58002,41016,4.788873040705924
58006,58010,2.724538309512274
58006,35003,3.071363378045652
58006,47014,4.619401909338481
58006,28082,5.190398828606526
58006,27062,5.3755403449327765
58008,3003,4.637375335251613
58008,59001,6.243150246470126
58008,39141,6.767192106036299
58008,78006,7.228778735028484
58008,37003,7.302800832557328
58009,54038,2.8863142587043424
58009,27051,5.448062499641501
58009,27062,5.7852153806059805
58009,40022,5.8250090128685645
58009,21022,7.1530571086773795
58010,43006,1.947014124242554
58010,58006,2.724538309512274
58010,65004,3.0881907324516082
58010,40010,5.284607175561869
58010,52005,5.305907745145971
58012,80002,2.692606358159321
58012,24001,3.2303018434815036
58012,54049,3.8025455947299305
58012,64002,4.043468931499289
58012,67010,6.817070998603433
59001,28008,2.1813289527258375
59001,31023,5.291471062001568
59001,78006,5.690271786127619
59001,54020,5.860761469297313
59001,79002,6.089063310559351
60002,83013,4.012713421115443
60002,43006,4.049743695593587
60002,41011,4.738618047490218
60002,56012,4.763437624237353
60002,55013,4.86937059587787
60003,33028,2.3917244824603023
60003,69027,4.426952450614305
60003,28055,5.380102787122194
60003,21003,5.726050645951361
60003,28003,6.214887931411153
60005,84013,0.3262652295295961
60005,76003,3.5408157252249093
60005,71001,3.6632254912849684
60005,40017,3.8153898883338253
60005,39120,5.316915835331607
60006,27030,4.203374120870042
60006,28093,4.911944726887712
60006,33026,5.309837662301928
60006,90003,5.657963679628918
60006,50008,7.315067258747523
60010,69043,2.949333823086156
60010,18003,4.058542718760023
60010,49001,6.294657099477302
60010,41011,6.445303483933087
60010,44001,6.950237549897126
60012,17003,1.430850096970329
60012,47001,2.1362361760816615
60012,43014,3.3032518826150694
60012,43005,5.2038186939977065
60012,33018,6.427009335608592
61001,39016,1.1499226060913839
61001,25012,1.1619380362136356
61001,39144,1.4765151540028298
61001,10003,1.7991164498164092
61001,50002,3.1356878033375706
61002,27009,1.4999696663599569
61002,40022,2.822103647990272
61002,54005,3.019194594589756
61002,33014,4.270447868783788
61002,17015,4.775203974700975
62001,30011,3.5951986036935426
62001,39034,4.994138364122484
62001,55025,5.6469957499541295
62001,40005,5.7730481550044255
62001,13007,5.793889971340498
63001,26006,4.712653711020999
63001,7002,5.52292277693614
63001,73010,6.591002730996248
63001,43007,7.330567917971976
63001,31010,8.556822073643929
63004,33021,3.185272358841548
63004,46005,4.706937858098405
63004,9002,4.977553214180638
63004,40012,5.333770992459275
63004,40004,7.750491661823784
64001,54044,0.4470268448314933
64001,30012,2.6957692779613023
64001,31006,3.5778440435547214
64001,53018,3.896894789444539
64001,48004,4.226705691197342
64002,11001,3.146617231250093
64002,58012,4.043468931499289
64002,71006,4.969730073152867
64002,53006,6.602191227160874
64002,56001,6.828842361630557
64006,4006,2.0949770881802023
64006,48003,4.278461055099135
64006,96002,5.280406423751868
64006,33014,5.285792466603281
64006,47009,5.329543789106156
65001,27080,1.3802220835793058
65001,39069,3.2028187585313037
65001,28093,4.18290927465562
65001,50007,4.8714150921472505
65001,54017,5.435439448655463
65004,47009,0.8011797551111736
65004,19006,1.374133909049624
65004,70002,2.7039008857574647
65004,58010,3.0881907324516082
65004,53006,3.2003070165220087
65005,101002,2.700018703638921
65005,40021,4.493362438085759
65005,28046,4.521890423263261
65005,36012,5.780027076061149
65005,27090,5.868387597969309
65006,106001,1.94523648947885
65006,40004,2.0600594651611397
65006,17004,2.3190767559526786
65006,69027,3.4645220449580054
65006,33022,3.5102994174286613
65007,84020,0.46881232918941024
65007,54024,4.408804940116993
65007,26005,6.288507931139151
65007,54049,6.419955217912349
65007,32003,6.719833926519315
65008,39022,1.1146272919680371
65008,12007,2.5014301909107917
65008,28082,2.557462218684765
65008,80002,3.2379759109666026
65008,27073,3.297077645430875
66001,55023,3.8931336992196917
66001,37003,3.9250745215855454
66001,27041,3.948601777844912
66001,42004,5.3934200652276285
66001,54063,5.627317833568671
66004,79003,1.7618285955222772
66004,36003,2.494997595189222
66004,9005,2.933709256214733
66004,37005,3.565121737051906
66004,80006,4.052486150500702
66006,17005,2.668039167628541
66006,41013,3.0263411902824178
66006,23004,3.109156316430552
66006,34007,3.6513594728539123
66006,84019,3.79480750499943
66011,28085,0.7000142855685161
66011,24003,3.9067963857872092
66011,94001,3.985410392920659
66011,40022,4.151383022560072
66011,53023,4.665930989631115
67001,67018,5.36180137640327
67001,33018,5.6952629438859095
67001,18010,5.830645247311827
67001,77004,6.082788916278453
67001,33034,6.54480076090938
67005,76003,2.739269428150506
67005,28033,3.6324143486116776
67005,9004,3.9850562103940264
67005,65004,4.557458611989801
67005,39127,5.3871018182321375
67006,55008,5.626111356878746
67006,55021,5.690819448901888
67006,39021,5.75507445651227
67006,74006,6.40631095092956
67006,41006,7.163707559636979
67008,18011,2.058469820036233
67008,41005,2.8617955901845957
67008,81002,3.214557201233165
67008,72004,4.4521033231496325
67008,73009,5.571529861716618
67010,47011,1.4125891122332779
67010,33006,4.550409651888498
67010,52011,4.961812773573787
67010,54025,6.751837453612165
67010,58012,6.817070998603433
67015,72005,1.8563588015251793
67015,27035,2.155210430561248
67015,21011,2.268357335165692
67015,15006,4.312853463775462
67015,39054,4.938745184761004
67018,9004,1.025654912726498
67018,84016,3.0566085781467014
67018,52016,4.333003577196769
67018,67001,5.36180137640327
67018,55016,6.49552415129064
67025,29005,3.4344909375335377
67025,39028,4.1049576124486356
67025,39049,4.493038615458363
67025,47014,4.782722655559279
67025,78003,4.796666550845494
67033,84014,1.4440512456280767
67033,27089,2.190948881192804
67033,41014,3.98720315509506
67033,11003,4.74970672778857
67033,17003,5.274451345874754
68001,56013,1.5477212281286317
68001,77002,1.737468560866642
68001,39025,3.082425830413442
68001,27087,3.6965326997065775
68001,19001,4.429508437738887
68003,54008,1.9904082495809747
68003,74001,4.816411215832801
68003,84009,5.257655846477592
68003,15023,5.46538800086508
68003,29005,5.530962032051929
68004,36003,2.0082930563042836
68004,30004,3.0721835882642172
68004,39029,3.920423701591449
68004,13008,6.2112057605588955
68004,20007,6.389132335458392
68005,41004,1.7151912429813767
68005,26008,2.14751693823355
68005,17015,4.701567929956984
68005,32006,5.555685016269371
68005,27079,5.77165946673918
68020,29002,3.504405370387393
68020,30014,4.027158303320097
68020,39005,4.161416705882745
68020,75004,5.827195723502
68020,27030,7.299551356076618
69002,54002,2.86876645964777
69002,68001,5.715193959963213
69002,54001,5.861038901082299
69002,46003,6.360773930898661
69002,52009,6.661086097627023
69007,89003,2.679387429992161
69007,27009,3.7568721032262995
69007,44001,4.91858231607442
69007,55023,5.12589319045959
69007,28012,5.1845356590537595
69012,41023,6.131325876186977
69012,84013,7.327272412023453
69012,58012,7.494504186402193
69012,40013,8.112815664120564
69012,41005,8.501682245297102
69015,34003,0.5120175778232618
69015,23016,1.6658835493515145
69015,37018,3.334083382280653
69015,39069,4.617252213167481
69015,71008,4.951252063872329
69017,12007,3.1045167095701065
69017,21008,6.4754642304625545
69017,42003,6.532813253109261
69017,32004,6.60357456231093
69017,67033,6.9421026353692
69023,4001,0.6129747139972415
69023,80006,1.7502368411160816
69023,9005,1.9426046947333366
69023,17003,3.32696528385855
69023,15039,3.4407361131013814
69027,83003,0.7591449137022522
69027,18018,2.144999067598865
69027,65006,3.4645220449580054
69027,12009,3.61154205291867
69027,39019,3.700585494215747
69030,33053,1.7343384906067212
69030,31021,1.8470877077172054
69030,24003,2.103867866573374
69030,21027,2.7124638246435655
69030,52016,7.034194268002555
69032,28044,1.41374538018697
69032,25020,4.60521324153399
69032,13004,5.929187887055023
69032,28040,6.144922619529069
69032,52015,6.808699802458617
69043,38018,2.550640703823257
69043,21009,2.869210518592179
69043,60010,2.949333823086156
69043,21012,3.1571357272059117
69043,13007,3.878639065445508
70002,65004,2.7039008857574647
70002,13004,5.325050422296488
70002,55002,5.878201170426204
70002,25021,6.1655683436322395
70002,33007,6.355907173645631
71001,80005,2.427100533558509
71001,74006,3.343782439094984
71001,28046,3.4958405283994294
71001,60005,3.6632254912849684
71001,101002,5.786694825200306
71004,37009,1.5182493207638856
71004,74007,1.6929385694702568
71004,44011,2.1883189895442574
71004,81006,2.6651763543900806
71004,36011,5.100701324327861
71006,10002,1.8728929494234314
71006,57009,3.349141083919876
71006,54036,4.500981781789391
71006,54057,4.509520817115717
71006,77004,4.841118259245482
71008,4006,3.5216325759511027
71008,10003,3.5240977568733816
71008,55008,3.8506947425107585
71008,34012,4.2468789716684885
71008,27087,4.414348649574476
71014,6007,2.7917392428376973
71014,39010,3.6498312289748416
71014,34008,7.070330402463522
71014,85004,7.240436519989661
71014,27051,8.177289587632323
72002,28033,2.3449234529084313
72002,43007,2.439504252916973
72002,47008,2.487373916402598
72002,72007,2.5503584061852953
72002,25020,3.971370166579791
72004,34012,2.002300926434386
72004,50007,3.2867795788583085
72004,67008,4.4521033231496325
72004,54044,4.971722940792256
72004,47018,5.826043597502511
72005,32003,1.2325988804148738
72005,67015,1.8563588015251793
72005,72015,2.4240478543131116
72005,81003,4.016930295636209
72005,12006,4.339114771471251
72007,73014,1.6452622891198836
72007,72002,2.5503584061852953
72007,79004,3.6770647261096725
72007,33026,4.588356132647073
72007,77003,4.650034408474845
72009,53007,0.8912379031437118
72009,84030,5.134451187809657
72009,40004,5.906386120124555
72009,40013,6.247366965370291
72009,58002,6.942503438962058
72014,24001,1.6693483758640675
72014,81004,2.3269467118952254
72014,15030,3.042171757149816
72014,85001,3.272430289555455
72014,22006,4.570737467849144
72015,50007,0.962667128347073
72015,39120,2.072773263046395
72015,72005,2.4240478543131116
72015,81003,3.3889651812905957
72015,55013,3.897935479199213
73005,37003,1.1556340251134873
73005,49001,2.281523394576527
73005,89003,2.3370109113994313
73005,73009,4.123848324077887
73005,73011,4.9993772612196405
73009,31021,2.565099998050758
73009,83004,3.729900400815014
73009,39028,4.0978848202456835
73009,13008,4.114279159220969
73009,73005,4.123848324077887
73010,34010,1.195853669978062
73010,55029,2.3892854580397045
73010,80001,2.983899797245209
73010,15021,3.544332095049785
73010,79004,3.987506112847979
73011,29002,2.171387114265902
73011,57005,4.238696615706295
73011,77003,4.614605616951464
73011,73005,4.9993772612196405
73011,39095,5.341419380651551
73014,72007,1.6452622891198836
73014,39078,2.1972621600528237
73014,81003,4.512218633887326
73014,48011,4.581343034526011
73014,53009,4.642331310882497
73015,49002,3.6940016242551925
73015,84020,5.2127368051725
73015,20002,5.593693323735223
73015,54049,6.44752518413073
73015,27029,6.905714807317198
74001,54096,2.3252047221696417
74001,68003,4.816411215832801
74001,81004,5.133959193449048
74001,50006,5.345582194672532
74001,74007,5.703128702738524
74005,46008,1.5583889116648644
74005,41019,2.887588959668602
74005,54025,2.961459437507122
74005,28012,3.8702926245957165
74005,37010,4.415095582204308
74006,24005,1.9215020166525978
74006,55002,2.8915872803704197
74006,21022,2.9509293451385785
74006,71001,3.343782439094984
74006,27003,3.9550804037339113
74007,71004,1.6929385694702568
74007,23001,2.8981706298974186
74007,41027,3.0483787494338688
74007,72002,5.695809775615755
74007,74001,5.703128702738524
75003,40006,1.914785627687862
75003,42026,2.7192223152953123
75003,39101,3.1185222461928985
75003,39120,3.6686712853565937
75003,58010,5.502122953915152
75004,12008,2.428869078398422
75004,41003,2.626025133162286
75004,26003,3.8231264692656977
75004,68020,5.827195723502
75004,23011,5.881051946718376
75017,38018,2.5903748763451206
75017,36003,4.5075280365184645
75017,40021,4.512706172575387
75017,15021,4.687739860529806
75017,40007,4.919976930840225
76003,33013,2.12895678678549
76003,67005,2.739269428150506
76003,60005,3.5408157252249093
76003,37010,5.129049034665198
76003,54025,5.725665812811642
76005,33023,2.0988170477676227
76005,43018,2.438311711000052
76005,19010,4.463522935977813
76005,8004,4.8106851902821495
76005,53028,4.845583659374792
76007,23011,0.7240883923941883
76007,7006,1.4584820876514049
76007,84020,4.4317248335157275
76007,33021,4.802529437702595
76007,52016,5.707424375320273
76008,25006,2.6036146028166303
76008,39056,3.7989356404129833
76008,54008,4.021623677073727
76008,18011,4.207967799306454
76008,46005,4.323765257272878
76011,11003,1.4996672964361129
76011,47009,2.655567171057814
76011,39008,3.14802112445263
76011,43017,4.288933667008618
76011,39002,4.874695990520845
76014,21016,2.6152615547971485
76014,92001,2.766347230555123
76014,33026,3.39769583688711
76014,54095,4.160228960045349
76014,33033,5.042207948904924
77002,28044,0.9817255217218304
77002,68001,1.737468560866642
77002,38030,5.1207676182385
77002,52015,5.169905608422654
77002,41020,5.5206431690519535
77003,84004,2.0694694972383623
77003,102001,2.931856237948921
77003,54049,3.064293230094013
77003,27034,4.130278562034285
77003,73011,4.614605616951464
77004,39108,2.4899775099385937
77004,83007,3.9590197018959126
77004,19017,4.0302441613381195
77004,71006,4.841118259245482
77004,40004,5.029074268690014
78003,80003,3.1676994806957306
78003,37003,3.8608149398799214
78003,26009,4.676748443095908
78003,67025,4.796666550845494
78003,84001,6.246463639532371
78004,55021,1.3556290052960656
78004,28080,3.0560001636125613
78004,106001,3.227598642954232
78004,54029,4.1288566213904785
78004,84020,6.154684719788659
78006,36006,1.2230196237182787
78006,39120,2.1398273294824515
78006,38030,4.128335499932145
78006,85002,5.2938071366456105
78006,12008,5.5173197297238445
79002,50008,3.6711382431066255
79002,28044,5.0078974630078035
79002,59001,6.089063310559351
79002,27002,6.228497892750707
79002,79004,6.512830413883045
79003,66004,1.7618285955222772
79003,11003,1.7872526402274524
79003,89007,2.3207623747380945
79003,8013,3.838722313478796
79003,93001,4.195621765602805
79004,45005,2.885386802492865
79004,72007,3.6770647261096725
79004,73010,3.987506112847979
79004,20003,4.27337852290199
79004,54027,5.31151965072144
79005,26006,1.6547869953562
79005,81003,3.271309370878884
79005,38021,4.725259040518308
79005,27035,4.904132339160516
79005,15024,6.06191801330239
79006,85004,0.619259234892787
79006,28044,1.7729433155067311
79006,33033,2.3053247059796154
79006,18002,4.013397812328103
79006,36011,4.2707493487677315
80001,30005,0.34495796845412924
80001,23011,1.5718759493038883
80001,73010,2.983899797245209
80001,28052,4.721552498913891
80001,39072,5.789712600811892
80002,58012,2.692606358159321
80002,65008,3.2379759109666026
80002,13001,4.142203399158472
80002,2001,4.2606122799428725
80002,21017,4.693553131690319
80003,80006,1.1182419237356467
80003,55014,1.7584916832331052
80003,80004,1.899095837497413
80003,80005,2.270159686013299
80003,33021,2.6239864710017087
80004,25006,0.4441272340219636
80004,39023,0.7800826879248123
80004,80006,1.5626061563938625
80004,80003,1.899095837497413
80004,80005,3.5117232237179516
80005,80006,1.949117236084069
80005,80003,2.270159686013299
80005,71001,2.427100533558509
80005,28080,3.2602191644121103
80005,80004,3.5117232237179516
80006,49002,1.0532791652738605
80006,80003,1.1182419237356467
80006,80004,1.5626061563938625
80006,69023,1.7502368411160816
80006,80005,1.949117236084069
81002,67008,3.214557201233165
81002,1001,4.020160817678815
81002,41013,4.593354438751706
81002,81006,4.75547610655337
81002,41001,5.2418532028281755
81003,39037,0.8721129514002185
81003,27065,1.7044896596928947
81003,83004,2.7133014944896927
81003,79005,3.271309370878884
81003,72015,3.3889651812905957
81004,72014,2.3269467118952254
81004,46008,2.353990016971185
81004,84005,3.487324045740516
81004,27007,4.385461093203313
81004,24003,4.6187622800919295
81006,71004,2.6651763543900806
81006,81002,4.75547610655337
81006,26008,4.861895926487938
81006,33014,5.722282237009985
81006,19017,5.777130516095339
81007,95001,2.6102337060117815
81007,56012,3.6617419351996943
81007,23008,4.800071041140954
81007,7006,5.308518531567917
81007,39008,5.616550275747561
82001,42011,3.760161964596738
82001,21018,3.9281620384093117
82001,32003,3.9409229883366157
82001,56002,4.027187728427867
82001,27080,4.061204747362536
82003,13007,3.3301935379193806
82003,27089,3.5412547211405165
82003,69043,5.992411367721679
82003,40007,6.491252344501792
82003,40004,6.540228818627067
83003,69027,0.7591449137022522
83003,45001,5.631825370161969
83003,28067,6.145464181003743
83003,43007,7.657825409344353
83003,54052,8.059234268837207
83004,81003,2.7133014944896927
83004,55008,3.107870010151647
83004,73009,3.729900400815014
83004,12008,3.810222171999948
83004,28044,4.619854759621779
83006,39014,2.63629512763651
83006,33033,2.8993428565797457
83006,40005,3.093700211720586
83006,43017,3.4556866177360472
83006,42026,3.6094233611478717
83007,47011,1.0006178091559235
83007,52004,2.3414627906503234
83007,39021,2.5903158108616795
83007,21011,2.9958881821590073
83007,56001,3.9281919505034377
83009,37020,3.7521974894720027
83009,40004,4.707348404356746
83009,54012,6.3588132540592825
83009,33033,6.465096519001089
83009,17015,6.899267497350715
83010,34002,3.883688581748027
83010,33058,3.955053602670892
83010,33006,4.418472134120571
83010,36011,4.609412652388588
83010,54029,5.074080507835878
83013,37019,1.8016892073828938
83013,60002,4.012713421115443
83013,38012,4.252751227146963
83013,27030,4.7362949654767075
83013,39143,5.414019763539842
84001,38003,2.7260442036034562
84001,47009,5.4940680738410945
84001,75017,5.654444711905847
84001,84020,6.179673858708079
84001,78003,6.246463639532371
84004,28067,0.6824463348864876
84004,77003,2.0694694972383623
84004,34007,2.500486352692212
84004,84018,2.6263520327633154
84004,54049,3.4181323847972886
84005,84013,2.8917883739997294
84005,81004,3.487324045740516
84005,34002,3.500000285714274
84005,18018,3.6642004584902286
84005,54095,6.872345305643482
84008,39017,3.0645538011266824
84008,41013,4.711922962018798
84008,45004,5.121774887673218
84008,40006,5.727051335547814
84008,39027,5.782180644013122
84009,54003,2.9287953154838258
84009,23008,3.736749523315685
84009,57005,3.7929621669613316
84009,18002,3.977017224000922
84009,18010,5.0976795701573865
84012,39001,3.7974276819973807
84012,13001,4.351370473770304
84012,30001,4.384562463918151
84012,6008,4.494159876995922
84012,84030,4.583779335875582
84013,60005,0.3262652295295961
84013,7006,2.4593698379869586
84013,28052,2.803175699095581
84013,84005,2.8917883739997294
84013,90003,4.06655197925712
84014,67033,1.4440512456280767
84014,106001,3.4216669913946918
84014,28085,4.150415039487015
84014,50007,5.269937475909938
84014,14001,5.38296693283546
84016,28043,2.918682750831272
84016,67018,3.0566085781467014
84016,40004,5.71764680616073
84016,84019,6.710059090648905
84016,76014,6.7424038739903445
84017,47011,1.6245150045475112
84017,11003,1.9746789612491442
84017,39142,3.323808809182622
84017,27084,4.138538147703848
84017,27065,4.1582621369990616
84018,84004,2.6263520327633154
84018,48005,2.7038744423511973
84018,33023,3.5157667726969604
84018,18003,3.6062852078004033
84018,27089,4.964973816647979
84019,21013,2.859974999890733
84019,28031,3.2437866760932352
84019,66006,3.79480750499943
84019,38004,3.8329038599996217
84019,52010,4.040136260078365
84020,65007,0.46881232918941024
84020,37020,2.7484111773895843
84020,94001,3.072513791669616
84020,47001,3.5618279015134915
84020,12008,4.073761161383912
84022,33026,4.3814076505159845
84022,76007,6.132666385839034
84022,10002,6.211733493961247
84022,8009,6.369144134026173
84022,52004,6.972330026612338
84026,27077,1.3673715661808974
84026,54020,4.263180620147357
84026,29005,4.438518333858721
84026,53018,5.060233196207463
84026,37011,5.626588664546219
84030,16003,3.75308220000575
84030,39144,4.214747916542578
84030,84012,4.583779335875582
84030,72009,5.134451187809657
84030,22007,6.673329753578793
85001,33035,1.4638008744361373
85001,96004,2.2304665431250026
85001,5003,2.3045695910516564
85001,44011,3.0837473956211134
85001,72014,3.272430289555455
85002,41006,3.529776338523448
85002,56001,3.6799077434087937
85002,78006,5.2938071366456105
85002,80001,7.059994475918519
85002,38021,7.457135173778198
85003,41011,3.003702382061179
85003,39042,4.072014366379372
85003,28044,4.56682296569508
85003,39120,5.3952253891751365
85003,13008,6.157734161199231
85004,79006,0.619259234892787
85004,56002,4.232124407434168
85004,13007,5.6396214411962085
85004,39015,6.5050986925641645
85004,71014,7.240436519989661
88001,28001,5.149429871354692
88001,46008,5.19437166556264
88001,42024,6.551405650698177
88001,60002,6.553358223079218
88001,39069,7.353341689327377
89002,39052,1.8384833423232314
89002,28009,4.183608609800873
89002,21015,5.002116751936124
89002,30012,5.360248128585093
89002,65004,5.51107040419554
89003,52005,0.899928886079339
89003,37005,0.9641421057084895
89003,17005,2.2836928427439624
89003,73005,2.3370109113994313
89003,55026,2.6544035111489737
89005,41006,1.6461397267546884
89005,27089,1.8600056451527236
89005,44011,2.9249671793030427
89005,48011,3.320677792258683
89005,33013,3.5780845434394086
89007,79003,2.3207623747380945
89007,39141,3.322462339891906
89007,29009,4.825216368205679
89007,4001,5.500311718439238
89007,22001,6.053366831772217
90003,36012,1.920758704262459
90003,96002,2.966547488242856
90003,34011,3.0604208860874023
90003,65004,3.5595586805108295
90003,84013,4.06655197925712
92001,39010,1.7389965497378077
92001,7006,2.514177798008725
92001,57004,2.6702763901888504
92001,76014,2.766347230555123
92001,39008,4.6182033303006484
93001,19010,2.0322558893997575
93001,28012,2.5234745887367285
93001,23004,3.3222104087489703
93001,79003,4.195621765602805
93001,39141,4.898922330472285
94001,84020,3.072513791669616
94001,36003,3.981863885167347
94001,66011,3.985410392920659
94001,39088,4.8864319293324865
94001,43017,5.0649932872611
95001,39099,2.1021974217470634
95001,15021,2.526641446663931
95001,81007,2.6102337060117815
95001,54011,2.7519035230182034
95001,43018,4.570833293831662
96001,47014,2.1151115809810133
96001,33053,5.314785132063196
96001,13004,5.5304178865615565
96001,28022,5.558541535331008
96001,17003,6.021943623117041
96002,90003,2.966547488242856
96002,23004,2.983981903430381
96002,27062,4.768907736578681
96002,29009,5.251801310026876
96002,64006,5.280406423751868
96004,15021,0.692275234281857
96004,85001,2.2304665431250026
96004,43006,2.854580179290818
96004,27090,3.2307735915721487
96004,9002,3.5649880785214414
97002,41023,3.1733950274114946
97002,28074,4.101448036974259
97002,54015,4.342196333654203
97002,34011,4.392244187200889
97002,21016,4.553673242559242
101002,18008,1.9342373173941196
101002,65005,2.700018703638921
101002,20003,3.2309664188907936
101002,101005,4.681446357697586
101002,20002,5.5989231107419215
101005,39016,3.118270353898135
101005,55026,4.090988266910577
101005,28008,4.181204611113883
101005,101002,4.681446357697586
101005,47001,6.514262813242953
102001,43009,1.0795499062109173
102001,50006,2.2759340939491195
102001,77003,2.931856237948921
102001,30005,5.430643516195848
102001,12005,7.0986822016484155
106001,65006,1.94523648947885
106001,78004,3.227598642954232
106001,84014,3.4216669913946918
106001,15013,3.917738633446596
106001,4003,5.196587822792952
107001,47005,2.7102665920532614
107001,38003,4.666433541796133
107001,45005,4.880579576238872
107001,30014,6.391808585995047
107001,38018,8.148256377900735
